elapsed_seconds,voltage_v,raw_response,query_elapsed_ms
0.047,1.58E-07,1.58E-07,11.303
0.313,1.58E-07,1.58E-07,13.042
0.563,1.71E-07,1.71E-07,11.308
0.813,1.71E-07,1.71E-07,10.847
1.063,1.61E-07,1.61E-07,11.027
1.313,1.68E-07,1.68E-07,11.018
1.563,1.68E-07,1.68E-07,11.299
1.813,1.79E-07,1.79E-07,10.799
2.063,1.79E-07,1.79E-07,10.439
2.313,1.78E-07,1.78E-07,10.753
2.563,1.73E-07,1.73E-07,11.569
2.813,1.73E-07,1.73E-07,10.842
3.079,1.72E-07,1.72E-07,11.206
3.344,1.72E-07,1.72E-07,10.18
3.594,1.64E-07,1.64E-07,9.951
3.86,1.80E-07,1.80E-07,11.281
4.11,1.80E-07,1.80E-07,11.117
4.375,1.86E-07,1.86E-07,11.091
4.641,1.86E-07,1.86E-07,10.215
4.907,1.79E-07,1.79E-07,10.67
5.172,1.72E-07,1.72E-07,10.198
5.438,1.72E-07,1.72E-07,11.567
5.688,1.76E-07,1.76E-07,10.633
5.969,1.73E-07,1.73E-07,21.698
6.219,1.73E-07,1.73E-07,11.074
6.469,1.88E-07,1.88E-07,10.529
6.735,1.88E-07,1.88E-07,10.934
6.985,1.70E-07,1.70E-07,11.212
7.235,1.74E-07,1.74E-07,15.103
7.485,1.74E-07,1.74E-07,10.524
7.735,1.85E-07,1.85E-07,11.526
8,1.85E-07,1.85E-07,10.25
8.266,1.76E-07,1.76E-07,11.314
8.516,1.89E-07,1.89E-07,16.46
8.766,1.89E-07,1.89E-07,11.244
9.016,1.77E-07,1.77E-07,11.097
9.282,1.77E-07,1.77E-07,11.297
9.532,1.79E-07,1.79E-07,11.102
9.797,1.72E-07,1.72E-07,10.53
10.047,1.72E-07,1.72E-07,10.996
10.313,1.76E-07,1.76E-07,11.083
10.563,1.76E-07,1.76E-07,11.469
10.829,1.82E-07,1.82E-07,10.453
11.094,1.69E-07,1.69E-07,10.344
11.36,1.69E-07,1.69E-07,10.551
11.625,1.73E-07,1.73E-07,10.391
11.875,1.73E-07,1.73E-07,10.341
12.141,1.77E-07,1.77E-07,10.853
12.391,1.71E-07,1.71E-07,11.619
12.657,1.71E-07,1.71E-07,13.078
12.907,1.84E-07,1.84E-07,10.543
13.172,1.84E-07,1.84E-07,11.441
13.438,1.87E-07,1.87E-07,11.365
13.688,1.77E-07,1.77E-07,10.572
13.938,1.77E-07,1.77E-07,12.096
14.188,1.71E-07,1.71E-07,10.598
14.438,1.71E-07,1.71E-07,11.158
14.688,1.90E-07,1.90E-07,10.762
14.954,1.86E-07,1.86E-07,10.427
15.219,1.86E-07,1.86E-07,14.053
15.469,1.78E-07,1.78E-07,10.6
15.719,1.78E-07,1.78E-07,11.221
15.969,1.87E-07,1.87E-07,10.563
16.219,1.82E-07,1.82E-07,10.814
16.469,1.82E-07,1.82E-07,11.324
16.735,1.80E-07,1.80E-07,10.672
16.985,1.80E-07,1.80E-07,10.561
17.25,1.90E-07,1.90E-07,11.066
17.516,1.84E-07,1.84E-07,11.516
17.782,1.84E-07,1.84E-07,10.34
18.032,1.88E-07,1.88E-07,10.797
18.282,1.88E-07,1.88E-07,18.375
18.563,1.88E-07,1.88E-07,10.122
18.797,2.01E-07,2.01E-07,9.81
19.079,2.01E-07,2.01E-07,10.854
19.329,1.77E-07,1.77E-07,10.287
19.579,1.76E-07,1.76E-07,21.171
19.829,1.76E-07,1.76E-07,10.956
20.079,1.78E-07,1.78E-07,10.983
20.329,1.78E-07,1.78E-07,10.076
20.579,1.85E-07,1.85E-07,10.558
20.829,1.85E-07,1.85E-07,11.208
21.094,1.99E-07,1.99E-07,10.844
21.344,1.84E-07,1.84E-07,10.794
21.61,1.84E-07,1.84E-07,10.562
21.86,1.99E-07,1.99E-07,11.503
22.125,1.94E-07,1.94E-07,12.416
22.375,1.94E-07,1.94E-07,11.267
22.641,1.94E-07,1.94E-07,10.296
22.891,1.94E-07,1.94E-07,10.756
23.157,1.98E-07,1.98E-07,11.162
23.407,1.84E-07,1.84E-07,10.776
23.672,1.84E-07,1.84E-07,11.853
23.938,1.91E-07,1.91E-07,11.263
24.188,1.91E-07,1.91E-07,11.531
24.454,1.86E-07,1.86E-07,10.198
24.704,1.80E-07,1.80E-07,10.791
24.954,1.80E-07,1.80E-07,10.937
25.219,1.83E-07,1.83E-07,11.628
25.485,1.83E-07,1.83E-07,10.575
25.735,1.87E-07,1.87E-07,11.885
26,1.83E-07,1.83E-07,10.446
26.25,1.83E-07,1.83E-07,11.208
26.516,2.00E-07,2.00E-07,11.035
26.766,2.00E-07,2.00E-07,10.46
27.016,1.80E-07,1.80E-07,10.658
27.266,1.82E-07,1.82E-07,10.464
27.532,1.82E-07,1.82E-07,10.594
27.782,1.90E-07,1.90E-07,10.192
28.032,1.90E-07,1.90E-07,10.666
28.297,1.82E-07,1.82E-07,11.708
28.547,1.84E-07,1.84E-07,11.304
28.813,1.84E-07,1.84E-07,11.7
29.063,2.02E-07,2.02E-07,9.888
29.329,2.02E-07,2.02E-07,10.597
29.579,1.96E-07,1.96E-07,10.733
29.829,1.84E-07,1.84E-07,10.745
30.079,1.84E-07,1.84E-07,10.342
30.344,1.86E-07,1.86E-07,11.645
30.61,1.86E-07,1.86E-07,11.657
30.86,1.97E-07,1.97E-07,11.119
31.11,1.85E-07,1.85E-07,10.283
31.375,1.85E-07,1.85E-07,11.467
31.641,1.90E-07,1.90E-07,10.896
31.907,2.02E-07,2.02E-07,14.277
32.157,2.02E-07,2.02E-07,10.664
32.422,2.00E-07,2.00E-07,10.235
32.672,2.00E-07,2.00E-07,10.188
32.938,1.87E-07,1.87E-07,10.435
33.188,2.09E-07,2.09E-07,10.061
33.454,2.09E-07,2.09E-07,10.276
33.719,1.98E-07,1.98E-07,10.627
33.969,1.98E-07,1.98E-07,11.379
34.219,1.93E-07,1.93E-07,10.989
34.485,2.09E-07,2.09E-07,10.92
34.75,2.09E-07,2.09E-07,10.403
35,1.95E-07,1.95E-07,10.291
35.266,1.95E-07,1.95E-07,11.036
35.516,1.93E-07,1.93E-07,11.221
35.782,1.87E-07,1.87E-07,10.383
36.047,1.87E-07,1.87E-07,10.682
36.297,1.97E-07,1.97E-07,10.483
36.563,1.97E-07,1.97E-07,11.411
36.813,1.99E-07,1.99E-07,11.109
37.063,2.05E-07,2.05E-07,10.053
37.329,2.05E-07,2.05E-07,12.632
37.594,1.83E-07,1.83E-07,11.171
37.844,1.83E-07,1.83E-07,10.39
38.11,2.00E-07,2.00E-07,10.143
38.375,1.88E-07,1.88E-07,11.113
38.625,1.88E-07,1.88E-07,11.149
38.907,1.91E-07,1.91E-07,10.299
39.157,2.02E-07,2.02E-07,10.571
39.407,2.02E-07,2.02E-07,10.319
39.657,2.02E-07,2.02E-07,10.911
39.922,2.02E-07,2.02E-07,10.552
40.172,2.12E-07,2.12E-07,9.973
40.438,2.06E-07,2.06E-07,10.321
40.704,2.06E-07,2.06E-07,10.92
40.954,1.71E-07,1.71E-07,10.48
41.204,1.71E-07,1.71E-07,10.483
41.469,1.99E-07,1.99E-07,10.973
41.735,1.91E-07,1.91E-07,10.65
42,1.91E-07,1.91E-07,10.533
42.25,2.00E-07,2.00E-07,9.787
42.516,2.00E-07,2.00E-07,10.532
42.766,2.00E-07,2.00E-07,9.847
43.032,1.98E-07,1.98E-07,10.659
43.282,1.98E-07,1.98E-07,11.656
43.547,2.00E-07,2.00E-07,11.281
43.813,2.00E-07,2.00E-07,18.102
44.063,2.07E-07,2.07E-07,10.297
44.329,1.88E-07,1.88E-07,11.248
44.579,1.88E-07,1.88E-07,11.19
44.844,1.94E-07,1.94E-07,10.612
45.11,1.97E-07,1.97E-07,20.324
45.36,1.97E-07,1.97E-07,10.873
45.61,1.92E-07,1.92E-07,10.938
45.86,1.92E-07,1.92E-07,10.065
46.125,1.87E-07,1.87E-07,11.641
46.375,1.90E-07,1.90E-07,16.198
46.657,1.90E-07,1.90E-07,11.292
46.907,1.90E-07,1.90E-07,11.694
47.157,1.90E-07,1.90E-07,10.864
47.407,2.00E-07,2.00E-07,11.962
47.672,2.01E-07,2.01E-07,10.481
47.954,2.01E-07,2.01E-07,10.848
48.204,1.92E-07,1.92E-07,10.894
48.454,1.92E-07,1.92E-07,10.709
48.704,2.06E-07,2.06E-07,10.217
48.954,1.85E-07,1.85E-07,10.35
49.219,1.85E-07,1.85E-07,10.113
49.485,1.93E-07,1.93E-07,10.439
49.735,1.93E-07,1.93E-07,10.414
50,1.99E-07,1.99E-07,11.559
50.266,1.94E-07,1.94E-07,10.26
50.516,1.94E-07,1.94E-07,15.362
50.766,1.85E-07,1.85E-07,11.588
51.032,1.85E-07,1.85E-07,10.259
51.282,1.87E-07,1.87E-07,10.087
51.547,1.87E-07,1.87E-07,11.516
51.797,1.87E-07,1.87E-07,10.74
52.063,1.90E-07,1.90E-07,10.567
52.329,1.82E-07,1.82E-07,19.979
52.579,1.82E-07,1.82E-07,10.718
52.844,1.88E-07,1.88E-07,10.349
53.11,1.88E-07,1.88E-07,10.663
53.36,1.97E-07,1.97E-07,10.621
53.625,1.85E-07,1.85E-07,11.518
53.891,1.85E-07,1.85E-07,10.835
54.141,1.87E-07,1.87E-07,11.203
54.407,1.87E-07,1.87E-07,11.143
54.657,1.84E-07,1.84E-07,11.68
54.922,1.96E-07,1.96E-07,11.346
55.204,1.96E-07,1.96E-07,11.901
55.454,1.83E-07,1.83E-07,10.699
55.704,1.83E-07,1.83E-07,11.24
55.954,1.95E-07,1.95E-07,10.481
56.219,1.92E-07,1.92E-07,11.099
56.469,1.92E-07,1.92E-07,13.531
56.735,1.82E-07,1.82E-07,10.142
57,1.82E-07,1.82E-07,16.11
57.282,1.85E-07,1.85E-07,10.376
57.532,1.83E-07,1.83E-07,10.552
57.782,1.83E-07,1.83E-07,10.567
58.016,1.90E-07,1.90E-07,10.196
58.297,1.84E-07,1.84E-07,13.074
58.547,1.84E-07,1.84E-07,11.161
58.797,1.94E-07,1.94E-07,10.257
59.063,1.94E-07,1.94E-07,10.881
59.329,1.88E-07,1.88E-07,11.178
59.579,1.88E-07,1.88E-07,11.387
59.844,1.88E-07,1.88E-07,11.101
60.094,1.85E-07,1.85E-07,11.215
60.36,1.85E-07,1.85E-07,10.308
60.625,1.89E-07,1.89E-07,10.825
60.891,2.00E-07,2.00E-07,11.244
61.157,2.00E-07,2.00E-07,10.085
61.407,1.85E-07,1.85E-07,11.155
61.657,1.85E-07,1.85E-07,10.573
61.922,1.79E-07,1.79E-07,10.212
62.172,1.88E-07,1.88E-07,10.727
62.454,1.88E-07,1.88E-07,10.827
62.704,1.91E-07,1.91E-07,11.384
62.954,1.91E-07,1.91E-07,10.442
63.204,1.80E-07,1.80E-07,10.514
63.454,1.90E-07,1.90E-07,11.744
63.719,1.90E-07,1.90E-07,12.382
63.969,1.82E-07,1.82E-07,10.763
64.235,1.82E-07,1.82E-07,11.071
64.5,1.89E-07,1.89E-07,10.415
64.75,1.96E-07,1.96E-07,10.285
65.016,1.96E-07,1.96E-07,10.615
65.266,1.92E-07,1.92E-07,10.239
65.516,1.92E-07,1.92E-07,10.305
65.782,1.79E-07,1.79E-07,10.483
66.047,1.89E-07,1.89E-07,10.931
66.297,1.89E-07,1.89E-07,10.353
66.563,1.99E-07,1.99E-07,10.217
66.813,1.96E-07,1.96E-07,10.738
67.079,1.96E-07,1.96E-07,11.238
67.36,1.97E-07,1.97E-07,10.43
67.61,1.97E-07,1.97E-07,10.83
67.86,1.94E-07,1.94E-07,10.574
68.11,1.89E-07,1.89E-07,11.822
68.36,1.89E-07,1.89E-07,10.843
68.61,1.92E-07,1.92E-07,10.818
68.86,1.92E-07,1.92E-07,10.621
69.11,1.86E-07,1.86E-07,10.805
69.36,1.86E-07,1.86E-07,17.555
69.61,2.03E-07,2.03E-07,11.033
69.86,1.92E-07,1.92E-07,10.137
70.11,1.92E-07,1.92E-07,11.754
70.36,1.73E-07,1.73E-07,11.012
70.61,1.73E-07,1.73E-07,10.475
70.86,1.84E-07,1.84E-07,10.532
71.11,1.90E-07,1.90E-07,10.659
71.391,1.90E-07,1.90E-07,12.371
71.625,2.01E-07,2.01E-07,9.877
71.907,2.01E-07,2.01E-07,10.536
72.157,1.80E-07,1.80E-07,10.807
72.407,1.92E-07,1.92E-07,10.569
72.657,1.92E-07,1.92E-07,10.481
72.907,1.83E-07,1.83E-07,10.755
73.157,1.83E-07,1.83E-07,10.864
73.422,1.83E-07,1.83E-07,11.2
73.672,1.82E-07,1.82E-07,10.558
73.938,1.82E-07,1.82E-07,12.718
74.188,1.91E-07,1.91E-07,10.813
74.454,1.91E-07,1.91E-07,11.212
74.704,1.78E-07,1.78E-07,10.237
74.969,2.02E-07,2.02E-07,10.767
75.219,2.02E-07,2.02E-07,11.892
75.469,1.82E-07,1.82E-07,11.173
75.719,1.82E-07,1.82E-07,10.981
75.985,1.92E-07,1.92E-07,11.247
76.235,1.89E-07,1.89E-07,10.753
76.485,1.89E-07,1.89E-07,11.308
76.735,1.77E-07,1.77E-07,10.167
76.985,1.77E-07,1.77E-07,10.407
77.235,1.94E-07,1.94E-07,10.7
77.516,1.85E-07,1.85E-07,10.283
77.766,1.85E-07,1.85E-07,10.313
78.016,1.83E-07,1.83E-07,10.748
78.266,1.83E-07,1.83E-07,10.668
78.516,1.77E-07,1.77E-07,11.093
78.782,1.75E-07,1.75E-07,11.315
79.032,1.75E-07,1.75E-07,11.039
79.282,1.86E-07,1.86E-07,10.619
79.547,1.86E-07,1.86E-07,10.725
79.797,1.91E-07,1.91E-07,10.974
80.047,1.89E-07,1.89E-07,11.059
80.313,1.89E-07,1.89E-07,11.034
80.563,1.84E-07,1.84E-07,11.488
80.829,1.84E-07,1.84E-07,10.107
81.094,1.91E-07,1.91E-07,10.807
81.344,1.91E-07,1.91E-07,10.497
81.594,1.91E-07,1.91E-07,10.335
81.844,1.88E-07,1.88E-07,10.418
82.11,1.88E-07,1.88E-07,11.167
82.36,2.00E-07,2.00E-07,10.796
82.625,1.90E-07,1.90E-07,11.347
82.875,1.90E-07,1.90E-07,11.865
83.141,1.89E-07,1.89E-07,10.065
83.391,1.89E-07,1.89E-07,10.272
83.657,1.77E-07,1.77E-07,10.411
83.907,1.90E-07,1.90E-07,9.984
84.188,1.90E-07,1.90E-07,10.476
84.438,1.91E-07,1.91E-07,10.464
84.704,1.97E-07,1.97E-07,10.417
84.954,1.97E-07,1.97E-07,11.151
85.219,1.86E-07,1.86E-07,11.876
85.485,1.86E-07,1.86E-07,10.982
85.735,1.94E-07,1.94E-07,10.806
86,1.74E-07,1.74E-07,11.632
86.25,1.74E-07,1.74E-07,11.169
86.516,1.92E-07,1.92E-07,11.957
86.782,1.92E-07,1.92E-07,10.437
87.032,1.93E-07,1.93E-07,11.705
87.297,1.86E-07,1.86E-07,11.255
87.563,1.86E-07,1.86E-07,13.575
87.829,1.83E-07,1.83E-07,10.117
88.11,1.83E-07,1.83E-07,15.737
88.36,1.88E-07,1.88E-07,10.243
88.61,1.89E-07,1.89E-07,10.146
88.86,1.89E-07,1.89E-07,11.138
89.11,1.91E-07,1.91E-07,10.903
89.391,1.80E-07,1.80E-07,21.264
89.625,1.80E-07,1.80E-07,10.389
89.875,1.87E-07,1.87E-07,10.409
90.125,1.87E-07,1.87E-07,12.076
90.375,1.93E-07,1.93E-07,11.176
90.625,1.93E-07,1.93E-07,11.471
90.891,1.82E-07,1.82E-07,10.113
91.141,1.87E-07,1.87E-07,10.36
91.407,1.87E-07,1.87E-07,11.076
91.672,1.85E-07,1.85E-07,10.875
91.938,1.93E-07,1.93E-07,14.019
92.188,1.93E-07,1.93E-07,10.558
92.454,1.83E-07,1.83E-07,10.364
92.719,1.83E-07,1.83E-07,11.403
92.969,1.85E-07,1.85E-07,10.934
93.235,1.97E-07,1.97E-07,10.395
93.485,1.97E-07,1.97E-07,11.101
93.75,1.91E-07,1.91E-07,10.578
94.032,1.91E-07,1.91E-07,10.076
94.282,1.83E-07,1.83E-07,10.768
94.532,1.93E-07,1.93E-07,11.692
94.782,1.93E-07,1.93E-07,10.494
95.032,2.00E-07,2.00E-07,11.928
95.297,2.00E-07,2.00E-07,11.643
95.563,1.89E-07,1.89E-07,10.694
95.813,1.92E-07,1.92E-07,10.745
96.079,1.92E-07,1.92E-07,13.229
96.329,1.83E-07,1.83E-07,10.167
96.594,1.83E-07,1.83E-07,10.767
96.844,1.78E-07,1.78E-07,11.451
97.11,1.83E-07,1.83E-07,10.802
97.375,1.83E-07,1.83E-07,10.476
97.625,1.96E-07,1.96E-07,10.405
97.891,1.97E-07,1.97E-07,19.743
98.172,1.97E-07,1.97E-07,11.073
98.422,1.95E-07,1.95E-07,11.519
98.672,1.95E-07,1.95E-07,11.237
98.922,2.07E-07,2.07E-07,11.06
99.188,2.14E-07,2.14E-07,10.161
99.454,2.14E-07,2.14E-07,10.673
99.704,1.91E-07,1.91E-07,10.863
99.969,1.91E-07,1.91E-07,10.597
100.235,2.05E-07,2.05E-07,10.878
100.485,2.06E-07,2.06E-07,10.13
100.75,2.06E-07,2.06E-07,10.248
101,2.03E-07,2.03E-07,10.58
101.266,2.03E-07,2.03E-07,10.424
101.516,2.02E-07,2.02E-07,10.254
101.782,2.00E-07,2.00E-07,10.81
102.047,2.00E-07,2.00E-07,10.265
102.297,1.78E-07,1.78E-07,10.78
102.563,1.78E-07,1.78E-07,15.706
102.813,2.03E-07,2.03E-07,10.183
103.079,1.95E-07,1.95E-07,10.943
103.344,1.95E-07,1.95E-07,11.656
103.61,2.00E-07,2.00E-07,11.423
103.86,2.00E-07,2.00E-07,11.416
104.141,2.00E-07,2.00E-07,10.549
104.391,1.99E-07,1.99E-07,11.307
104.641,1.99E-07,1.99E-07,11.303
104.891,2.05E-07,2.05E-07,10.871
105.157,2.04E-07,2.04E-07,11.073
105.407,2.04E-07,2.04E-07,10.928
105.672,1.96E-07,1.96E-07,11.002
105.938,1.96E-07,1.96E-07,10.882
106.188,2.12E-07,2.12E-07,10.037
106.469,1.96E-07,1.96E-07,10.621
106.719,1.96E-07,1.96E-07,11.323
106.969,2.12E-07,2.12E-07,10.992
107.25,2.12E-07,2.12E-07,15.496
107.5,1.91E-07,1.91E-07,10.632
107.75,1.99E-07,1.99E-07,11.19
108,1.99E-07,1.99E-07,11.094
108.25,1.83E-07,1.83E-07,10.529
108.5,1.83E-07,1.83E-07,11.028
108.75,2.25E-07,2.25E-07,11.039
109.016,1.95E-07,1.95E-07,10.609
109.282,1.95E-07,1.95E-07,10.509
109.516,1.90E-07,1.90E-07,10.219
109.797,1.90E-07,1.90E-07,16.136
110.047,1.94E-07,1.94E-07,11.089
110.297,1.88E-07,1.88E-07,11.021
110.547,1.88E-07,1.88E-07,11.321
110.813,1.82E-07,1.82E-07,11.522
111.079,1.92E-07,1.92E-07,20.417
111.344,1.92E-07,1.92E-07,10.957
111.594,1.91E-07,1.91E-07,10.829
111.86,1.91E-07,1.91E-07,10.522
112.11,1.99E-07,1.99E-07,10.018
112.375,1.88E-07,1.88E-07,10.456
112.625,1.88E-07,1.88E-07,10.292
112.891,1.85E-07,1.85E-07,10.934
113.157,1.85E-07,1.85E-07,11.157
113.407,1.84E-07,1.84E-07,12.491
113.672,1.92E-07,1.92E-07,10.634
113.938,1.92E-07,1.92E-07,10.042
114.204,1.80E-07,1.80E-07,10.469
114.454,1.80E-07,1.80E-07,11.083
114.704,1.94E-07,1.94E-07,10.61
114.954,1.78E-07,1.78E-07,10.061
115.204,1.78E-07,1.78E-07,11.218
115.454,1.79E-07,1.79E-07,10.727
115.704,1.79E-07,1.79E-07,11.554
115.954,1.91E-07,1.91E-07,10.495
116.219,1.88E-07,1.88E-07,10.578
116.469,1.88E-07,1.88E-07,11.023
116.719,1.80E-07,1.80E-07,11.16
116.985,1.80E-07,1.80E-07,11.142
117.235,1.73E-07,1.73E-07,10.845
117.485,1.82E-07,1.82E-07,10.097
117.766,1.82E-07,1.82E-07,10.872
118.016,1.85E-07,1.85E-07,10.5
118.266,1.85E-07,1.85E-07,10.672
118.532,1.78E-07,1.78E-07,10.712
118.782,1.79E-07,1.79E-07,10.237
119.047,1.79E-07,1.79E-07,11.998
119.297,1.67E-07,1.67E-07,11.42
119.563,1.67E-07,1.67E-07,10.724
119.829,1.63E-07,1.63E-07,10.255
120.079,1.80E-07,1.80E-07,11.148
120.344,1.80E-07,1.80E-07,10.025
120.61,1.75E-07,1.75E-07,10.393
120.86,1.70E-07,1.70E-07,20.096
121.141,1.70E-07,1.70E-07,10.622
121.391,1.71E-07,1.71E-07,11.96
121.641,1.71E-07,1.71E-07,11.079
121.907,1.79E-07,1.79E-07,10.751
122.157,1.59E-07,1.59E-07,10.65
122.438,1.59E-07,1.59E-07,10.451
122.688,1.68E-07,1.68E-07,10.435
122.938,1.68E-07,1.68E-07,10.681
123.188,1.68E-07,1.68E-07,11.309
123.454,1.80E-07,1.80E-07,10.442
123.719,1.80E-07,1.80E-07,10.162
123.969,1.78E-07,1.78E-07,10.879
124.235,1.78E-07,1.78E-07,11.093
124.5,1.65E-07,1.65E-07,10.998
124.75,1.69E-07,1.69E-07,10.635
125.016,1.69E-07,1.69E-07,10.23
125.282,1.68E-07,1.68E-07,10.732
125.532,1.68E-07,1.68E-07,16.327
125.813,1.66E-07,1.66E-07,10.784
126.047,1.66E-07,1.66E-07,10.06
126.329,1.66E-07,1.66E-07,11.535
126.579,1.68E-07,1.68E-07,10.558
126.829,1.61E-07,1.61E-07,11.059
127.094,1.61E-07,1.61E-07,10.949
127.344,1.63E-07,1.63E-07,10.827
127.61,1.63E-07,1.63E-07,9.947
127.875,1.58E-07,1.58E-07,10.932
128.125,1.63E-07,1.63E-07,10.672
128.391,1.63E-07,1.63E-07,11.252
128.657,1.49E-07,1.49E-07,10.564
128.907,1.49E-07,1.49E-07,10.189
129.157,1.70E-07,1.70E-07,10.02
129.438,1.48E-07,1.48E-07,9.97
129.688,1.48E-07,1.48E-07,11.909
129.954,1.60E-07,1.60E-07,11.204
130.204,1.60E-07,1.60E-07,10.235
130.469,1.59E-07,1.59E-07,11.005
130.719,1.52E-07,1.52E-07,10.551
130.969,1.52E-07,1.52E-07,12.208
131.235,1.46E-07,1.46E-07,10.382
131.485,1.46E-07,1.46E-07,11.732
131.75,1.56E-07,1.56E-07,10.799
132,1.61E-07,1.61E-07,11.319
132.266,1.61E-07,1.61E-07,10.893
132.532,1.46E-07,1.46E-07,11.168
132.782,1.41E-07,1.41E-07,19.699
133.063,1.41E-07,1.41E-07,10.654
133.313,1.40E-07,1.40E-07,10.586
133.563,1.40E-07,1.40E-07,10.499
133.813,1.46E-07,1.46E-07,10.438
134.063,1.41E-07,1.41E-07,10.244
134.329,1.41E-07,1.41E-07,11.136
134.594,1.43E-07,1.43E-07,11.132
134.844,1.43E-07,1.43E-07,10.986
135.094,1.39E-07,1.39E-07,10.803
135.36,1.54E-07,1.54E-07,10.584
135.625,1.54E-07,1.54E-07,10.428
135.875,1.55E-07,1.55E-07,10.433
136.141,1.55E-07,1.55E-07,11.015
136.407,1.50E-07,1.50E-07,10.499
136.672,1.34E-07,1.34E-07,10.617
136.907,1.34E-07,1.34E-07,10.084
137.188,1.32E-07,1.32E-07,11.086
137.438,1.32E-07,1.32E-07,10.488
137.704,1.57E-07,1.57E-07,10.258
137.969,1.38E-07,1.38E-07,10.461
138.219,1.38E-07,1.38E-07,10.414
138.485,1.47E-07,1.47E-07,10.526
138.735,1.47E-07,1.47E-07,15.337
139,1.40E-07,1.40E-07,10.248
139.282,1.34E-07,1.34E-07,11.68
139.532,1.34E-07,1.34E-07,10.509
139.782,1.32E-07,1.32E-07,10.253
140.032,1.35E-07,1.35E-07,10.448
140.282,1.35E-07,1.35E-07,11.723
140.547,1.21E-07,1.21E-07,12.065
140.813,1.21E-07,1.21E-07,10.24
141.063,1.15E-07,1.15E-07,10.443
141.329,1.31E-07,1.31E-07,10.375
141.579,1.31E-07,1.31E-07,10.749
141.844,1.24E-07,1.24E-07,10.593
142.094,1.24E-07,1.24E-07,11.116
142.375,1.30E-07,1.30E-07,10.726
142.625,1.43E-07,1.43E-07,10.495
142.875,1.43E-07,1.43E-07,10.129
143.125,1.40E-07,1.40E-07,11.204
143.375,1.40E-07,1.40E-07,10.593
143.625,1.35E-07,1.35E-07,10.942
143.891,1.41E-07,1.41E-07,11.352
144.157,1.41E-07,1.41E-07,10.794
144.407,1.22E-07,1.22E-07,9.985
144.672,1.22E-07,1.22E-07,11.166
144.922,1.36E-07,1.36E-07,10.237
145.172,1.10E-07,1.10E-07,10.868
145.438,1.10E-07,1.10E-07,12.064
145.704,1.17E-07,1.17E-07,10.784
145.954,1.17E-07,1.17E-07,11.037
146.219,1.30E-07,1.30E-07,10.915
146.485,1.34E-07,1.34E-07,11.306
146.75,1.34E-07,1.34E-07,10.381
147.016,1.26E-07,1.26E-07,10.467
147.266,1.37E-07,1.37E-07,11.456
147.516,1.37E-07,1.37E-07,10.089
147.782,1.20E-07,1.20E-07,11.76
148.032,1.20E-07,1.20E-07,11.415
148.297,1.21E-07,1.21E-07,10.886
148.547,1.26E-07,1.26E-07,10.789
148.813,1.26E-07,1.26E-07,11.154
149.079,1.31E-07,1.31E-07,10.231
149.329,1.31E-07,1.31E-07,10.807
149.594,1.33E-07,1.33E-07,11.131
149.86,1.30E-07,1.30E-07,10.585
150.125,1.30E-07,1.30E-07,13.229
150.375,1.31E-07,1.31E-07,11.257
150.641,1.31E-07,1.31E-07,10.49
150.907,1.18E-07,1.18E-07,11.061
151.157,1.32E-07,1.32E-07,10.747
151.407,1.32E-07,1.32E-07,10.598
151.672,1.22E-07,1.22E-07,11.301
151.922,1.22E-07,1.22E-07,15.968
152.204,1.17E-07,1.17E-07,11.138
152.454,1.24E-07,1.24E-07,10.494
152.704,1.24E-07,1.24E-07,10.394
152.969,1.26E-07,1.26E-07,10.793
153.235,1.10E-07,1.10E-07,11.053
153.485,1.10E-07,1.10E-07,10.635
153.75,1.19E-07,1.19E-07,10.455
154,1.19E-07,1.19E-07,10.426
154.25,1.03E-07,1.03E-07,10.529
154.516,1.23E-07,1.23E-07,11.075
154.782,1.23E-07,1.23E-07,10.861
155.047,1.12E-07,1.12E-07,10.215
155.297,1.12E-07,1.12E-07,11.354
155.547,1.14E-07,1.14E-07,11.972
155.829,1.25E-07,1.25E-07,10.869
156.063,1.25E-07,1.25E-07,10.103
156.329,1.27E-07,1.27E-07,11.56
156.594,1.27E-07,1.27E-07,10.719
156.86,1.20E-07,1.20E-07,10.01
157.11,1.28E-07,1.28E-07,9.889
157.375,1.28E-07,1.28E-07,10.877
157.625,1.20E-07,1.20E-07,10.407
157.891,1.20E-07,1.20E-07,15.505
158.141,1.39E-07,1.39E-07,10.403
158.407,1.29E-07,1.29E-07,11.487
158.657,1.29E-07,1.29E-07,11.529
158.922,1.09E-07,1.09E-07,11.14
159.188,1.25E-07,1.25E-07,10.867
159.438,1.25E-07,1.25E-07,11.251
159.704,1.17E-07,1.17E-07,11.504
159.969,1.17E-07,1.17E-07,11.144
160.219,1.19E-07,1.19E-07,10.771
160.485,1.32E-07,1.32E-07,10.741
160.735,1.32E-07,1.32E-07,10.159
161,1.25E-07,1.25E-07,10.521
161.266,1.25E-07,1.25E-07,10.297
161.516,1.29E-07,1.29E-07,11.388
161.766,1.23E-07,1.23E-07,10.731
162.016,1.23E-07,1.23E-07,10.074
162.297,1.41E-07,1.41E-07,10.845
162.547,1.41E-07,1.41E-07,10.763
162.797,1.27E-07,1.27E-07,10.165
163.063,1.39E-07,1.39E-07,9.9
163.329,1.39E-07,1.39E-07,11.68
163.579,1.34E-07,1.34E-07,11.207
163.844,1.34E-07,1.34E-07,10.825
164.094,1.29E-07,1.29E-07,11.35
164.36,1.40E-07,1.40E-07,10.266
164.625,1.40E-07,1.40E-07,10.797
164.875,1.41E-07,1.41E-07,11.217
165.141,1.40E-07,1.40E-07,11.675
165.391,1.40E-07,1.40E-07,10.772
165.657,1.36E-07,1.36E-07,10.511
165.907,1.36E-07,1.36E-07,10.815
166.172,1.29E-07,1.29E-07,10.33
166.422,1.31E-07,1.31E-07,10.095
166.704,1.31E-07,1.31E-07,10.966
166.954,1.32E-07,1.32E-07,11.213
167.204,1.32E-07,1.32E-07,10.916
167.469,1.31E-07,1.31E-07,10.678
167.735,1.44E-07,1.44E-07,10.642
167.985,1.44E-07,1.44E-07,10.355
168.25,1.37E-07,1.37E-07,11.274
168.5,1.37E-07,1.37E-07,10.384
168.766,1.42E-07,1.42E-07,10.469
169.032,1.58E-07,1.58E-07,11.557
169.282,1.58E-07,1.58E-07,10.549
169.547,1.35E-07,1.35E-07,10.865
169.797,1.35E-07,1.35E-07,10.62
170.047,1.54E-07,1.54E-07,9.884
170.313,1.39E-07,1.39E-07,10.83
170.579,1.39E-07,1.39E-07,10.383
170.829,1.40E-07,1.40E-07,11.589
171.094,1.50E-07,1.50E-07,14.63
171.344,1.50E-07,1.50E-07,10.493
171.61,1.56E-07,1.56E-07,11.065
171.86,1.56E-07,1.56E-07,11.566
172.125,1.56E-07,1.56E-07,11.263
172.375,1.49E-07,1.49E-07,11.674
172.625,1.49E-07,1.49E-07,10.86
172.891,1.54E-07,1.54E-07,10.229
173.157,1.54E-07,1.54E-07,10.383
173.407,1.58E-07,1.58E-07,10.424
173.657,1.56E-07,1.56E-07,11.088
173.907,1.56E-07,1.56E-07,10.797
174.172,1.56E-07,1.56E-07,11.321
174.438,1.56E-07,1.56E-07,10.757
174.688,1.56E-07,1.56E-07,10.37
174.954,1.63E-07,1.63E-07,10.83
175.204,1.63E-07,1.63E-07,10.989
175.469,1.61E-07,1.61E-07,10.277
175.719,1.61E-07,1.61E-07,10.91
175.985,1.50E-07,1.50E-07,11.643
176.235,1.59E-07,1.59E-07,10.498
176.5,1.59E-07,1.59E-07,11.08
176.75,1.46E-07,1.46E-07,10.005
177.016,1.46E-07,1.46E-07,11.345
177.282,1.62E-07,1.62E-07,10.748
177.532,1.54E-07,1.54E-07,10.154
177.797,1.54E-07,1.54E-07,11.863
178.047,1.64E-07,1.64E-07,10.439
178.297,1.64E-07,1.64E-07,11.44
178.563,1.62E-07,1.62E-07,10.398
178.813,1.66E-07,1.66E-07,11.34
179.079,1.66E-07,1.66E-07,10.856
179.344,1.76E-07,1.76E-07,10.953
179.594,1.76E-07,1.76E-07,10.513
179.844,1.62E-07,1.62E-07,10.108
180.11,1.55E-07,1.55E-07,10.1
180.36,1.55E-07,1.55E-07,11.304
180.625,1.59E-07,1.59E-07,10.576
180.891,1.59E-07,1.59E-07,15.879
181.141,1.65E-07,1.65E-07,10.149
181.375,1.64E-07,1.64E-07,9.933
181.641,1.64E-07,1.64E-07,10.001
181.907,1.69E-07,1.69E-07,10.602
182.188,1.72E-07,1.72E-07,11.256
182.438,1.72E-07,1.72E-07,10.354
182.688,1.70E-07,1.70E-07,10.708
182.922,1.70E-07,1.70E-07,10.312
183.188,1.64E-07,1.64E-07,11.035
183.438,1.66E-07,1.66E-07,18.917
183.719,1.66E-07,1.66E-07,10.666
183.969,1.55E-07,1.55E-07,11.547
184.219,1.55E-07,1.55E-07,10.469
184.469,1.65E-07,1.65E-07,10.887
184.719,1.66E-07,1.66E-07,14.017
185,1.66E-07,1.66E-07,10.455
185.25,1.69E-07,1.69E-07,11.15
185.5,1.69E-07,1.69E-07,10.841
185.766,1.73E-07,1.73E-07,10.594
186.016,1.57E-07,1.57E-07,10.297
186.266,1.57E-07,1.57E-07,10.338
186.532,1.60E-07,1.60E-07,10.327
186.797,1.60E-07,1.60E-07,11.109
187.047,1.69E-07,1.69E-07,11.149
187.313,1.74E-07,1.74E-07,11.052
187.563,1.74E-07,1.74E-07,11.318
187.844,1.73E-07,1.73E-07,10.617
188.094,1.73E-07,1.73E-07,11.074
188.344,1.63E-07,1.63E-07,10.609
188.594,1.71E-07,1.71E-07,10.593
188.86,1.71E-07,1.71E-07,12.597
189.125,1.68E-07,1.68E-07,10.426
189.375,1.68E-07,1.68E-07,10.484
189.641,1.59E-07,1.59E-07,10.779
189.907,1.61E-07,1.61E-07,10.702
190.157,1.61E-07,1.61E-07,10.599
190.422,1.79E-07,1.79E-07,11.501
190.688,1.62E-07,1.62E-07,10.955
190.938,1.62E-07,1.62E-07,10.3
191.204,1.75E-07,1.75E-07,11.187
191.454,1.75E-07,1.75E-07,11.111
191.704,1.73E-07,1.73E-07,11.451
191.985,1.72E-07,1.72E-07,10.358
192.235,1.72E-07,1.72E-07,11.716
192.485,1.59E-07,1.59E-07,11.067
192.735,1.59E-07,1.59E-07,10.242
193,1.74E-07,1.74E-07,11.192
193.25,1.65E-07,1.65E-07,10.79
193.516,1.65E-07,1.65E-07,10.546
193.766,1.74E-07,1.74E-07,10.786
194.032,1.74E-07,1.74E-07,10.642
194.282,1.70E-07,1.70E-07,11.57
194.532,1.52E-07,1.52E-07,10.906
194.813,1.52E-07,1.52E-07,10.478
195.047,1.54E-07,1.54E-07,10.555
195.313,1.54E-07,1.54E-07,10.368
195.579,1.77E-07,1.77E-07,11.124
195.829,1.70E-07,1.70E-07,10.37
196.094,1.70E-07,1.70E-07,10.581
196.344,1.63E-07,1.63E-07,10.45
196.61,1.63E-07,1.63E-07,10.464
196.86,1.64E-07,1.64E-07,11.01
197.125,1.67E-07,1.67E-07,10.09
197.391,1.67E-07,1.67E-07,10.504
197.641,1.77E-07,1.77E-07,10.925
197.907,1.77E-07,1.77E-07,11.467
198.172,1.81E-07,1.81E-07,10.331
198.407,1.72E-07,1.72E-07,10.194
198.672,1.72E-07,1.72E-07,10.151
198.938,1.67E-07,1.67E-07,11.022
199.204,1.62E-07,1.62E-07,11.657
199.454,1.62E-07,1.62E-07,11.011
199.719,1.67E-07,1.67E-07,11.334
199.985,1.67E-07,1.67E-07,10.452
200.25,1.46E-07,1.46E-07,10.812
200.5,1.68E-07,1.68E-07,11.276
200.766,1.68E-07,1.68E-07,10.436
201.016,1.71E-07,1.71E-07,10.722
201.282,1.71E-07,1.71E-07,10.343
201.532,1.54E-07,1.54E-07,10.933
201.797,1.57E-07,1.57E-07,10.98
202.047,1.57E-07,1.57E-07,10.264
202.313,1.63E-07,1.63E-07,10.294
202.579,1.63E-07,1.63E-07,11.173
202.829,1.56E-07,1.56E-07,10.74
203.094,1.75E-07,1.75E-07,10.322
203.344,1.75E-07,1.75E-07,11.411
203.625,1.66E-07,1.66E-07,10.568
203.875,1.66E-07,1.66E-07,15.471
204.125,1.68E-07,1.68E-07,10.347
204.375,1.47E-07,1.47E-07,10.63
204.625,1.47E-07,1.47E-07,11.397
204.891,1.64E-07,1.64E-07,10.904
205.172,1.52E-07,1.52E-07,21.215
205.407,1.52E-07,1.52E-07,10.47
205.657,1.45E-07,1.45E-07,10.812
205.907,1.45E-07,1.45E-07,10.733
206.157,1.52E-07,1.52E-07,10.181
206.422,1.52E-07,1.52E-07,15.781
206.688,1.64E-07,1.64E-07,10.337
206.938,1.58E-07,1.58E-07,10.291
207.188,1.58E-07,1.58E-07,10.279
207.438,1.59E-07,1.59E-07,11.289
207.704,1.63E-07,1.63E-07,20.834
207.985,1.63E-07,1.63E-07,10.967
208.235,1.62E-07,1.62E-07,10.244
208.485,1.62E-07,1.62E-07,11.192
208.735,1.52E-07,1.52E-07,10.288
208.985,1.56E-07,1.56E-07,13.704
209.25,1.56E-07,1.56E-07,10.655
209.5,1.61E-07,1.61E-07,10.462
209.766,1.61E-07,1.61E-07,10.314
210.032,1.47E-07,1.47E-07,10.58
210.282,1.64E-07,1.64E-07,11.228
210.532,1.64E-07,1.64E-07,11.3
210.797,1.57E-07,1.57E-07,10.786
211.063,1.57E-07,1.57E-07,10.734
211.313,1.67E-07,1.67E-07,11.485
211.563,1.18E-07,1.18E-07,10.121
211.844,1.18E-07,1.18E-07,10.501
212.079,1.51E-07,1.51E-07,10.118
212.344,1.51E-07,1.51E-07,10.057
212.61,1.53E-07,1.53E-07,10.495
212.86,1.72E-07,1.72E-07,11.337
213.11,1.72E-07,1.72E-07,11.369
213.375,1.50E-07,1.50E-07,10.177
213.641,1.50E-07,1.50E-07,11.418
213.891,1.65E-07,1.65E-07,11.549
214.157,1.43E-07,1.43E-07,10.615
214.422,1.43E-07,1.43E-07,10.869
214.672,1.48E-07,1.48E-07,10.928
214.938,1.41E-07,1.41E-07,18.811
215.188,1.41E-07,1.41E-07,11.095
215.454,1.56E-07,1.56E-07,10.705
215.719,1.56E-07,1.56E-07,10.329
215.969,1.42E-07,1.42E-07,10.981
216.235,1.62E-07,1.62E-07,10.289
216.5,1.62E-07,1.62E-07,11.328
216.75,1.58E-07,1.58E-07,10.309
217,1.58E-07,1.58E-07,10.938
217.266,1.60E-07,1.60E-07,11.222
217.516,1.62E-07,1.62E-07,11.892
217.782,1.62E-07,1.62E-07,10.883
218.047,1.61E-07,1.61E-07,10.882
218.297,1.61E-07,1.61E-07,10.956
218.563,1.49E-07,1.49E-07,11.211
218.813,1.51E-07,1.51E-07,10.504
219.079,1.51E-07,1.51E-07,11.805
219.329,1.54E-07,1.54E-07,10.36
219.594,1.54E-07,1.54E-07,11.07
219.844,1.47E-07,1.47E-07,11.462
220.11,1.50E-07,1.50E-07,10.75
220.36,1.50E-07,1.50E-07,11.158
220.625,1.48E-07,1.48E-07,10.929
220.875,1.48E-07,1.48E-07,10.224
221.141,1.66E-07,1.66E-07,11.002
221.391,1.52E-07,1.52E-07,10.322
221.657,1.52E-07,1.52E-07,11.152
221.907,1.66E-07,1.66E-07,11.518
222.172,1.43E-07,1.43E-07,12.482
222.438,1.43E-07,1.43E-07,10.47
222.672,1.59E-07,1.59E-07,9.94
222.954,1.59E-07,1.59E-07,10.571
223.204,1.54E-07,1.54E-07,10.259
223.454,1.74E-07,1.74E-07,11.935
223.719,1.74E-07,1.74E-07,10.869
223.969,1.64E-07,1.64E-07,9.879
224.235,1.64E-07,1.64E-07,10.812
224.485,1.40E-07,1.40E-07,10.539
224.75,1.45E-07,1.45E-07,10.272
225,1.45E-07,1.45E-07,10.467
225.25,1.64E-07,1.64E-07,10.049
225.532,1.64E-07,1.64E-07,11.653
225.782,1.69E-07,1.69E-07,11.741
226.032,1.60E-07,1.60E-07,10.286
226.297,1.60E-07,1.60E-07,10.506
226.547,1.53E-07,1.53E-07,10.392
226.813,1.53E-07,1.53E-07,10.692
227.063,1.60E-07,1.60E-07,10.629
227.329,1.54E-07,1.54E-07,11.474
227.579,1.54E-07,1.54E-07,11.003
227.844,1.68E-07,1.68E-07,11.553
228.094,1.68E-07,1.68E-07,10.856
228.36,1.54E-07,1.54E-07,10.397
228.61,1.64E-07,1.64E-07,10.481
228.86,1.64E-07,1.64E-07,10.618
229.125,1.53E-07,1.53E-07,11.22
229.391,1.53E-07,1.53E-07,11.079
229.641,1.58E-07,1.58E-07,10.563
229.907,1.56E-07,1.56E-07,10.856
230.172,1.56E-07,1.56E-07,11.436
230.422,1.36E-07,1.36E-07,10.752
230.688,1.61E-07,1.61E-07,12.188
230.938,1.61E-07,1.61E-07,11.307
231.204,1.61E-07,1.61E-07,10.825
231.469,1.61E-07,1.61E-07,10.566
231.719,1.51E-07,1.51E-07,11.297
231.985,1.61E-07,1.61E-07,10.827
232.235,1.61E-07,1.61E-07,10.908
232.5,1.47E-07,1.47E-07,10.371
232.766,1.47E-07,1.47E-07,10.519
233.016,1.55E-07,1.55E-07,11.158
233.266,1.62E-07,1.62E-07,11.215
233.516,1.62E-07,1.62E-07,11.005
233.782,1.52E-07,1.52E-07,10.949
234.032,1.52E-07,1.52E-07,10.675
234.297,1.46E-07,1.46E-07,11.484
234.563,1.46E-07,1.46E-07,11.227
234.813,1.46E-07,1.46E-07,10.777
235.063,1.45E-07,1.45E-07,10.094
235.329,1.45E-07,1.45E-07,10.13
235.594,1.50E-07,1.50E-07,10.3
235.844,1.68E-07,1.68E-07,10.845
236.11,1.68E-07,1.68E-07,10.159
236.36,1.54E-07,1.54E-07,11.081
236.61,1.54E-07,1.54E-07,10.08
236.891,1.65E-07,1.65E-07,10.577
237.141,1.51E-07,1.51E-07,10.242
237.391,1.51E-07,1.51E-07,10.902
237.657,1.45E-07,1.45E-07,10.87
237.922,1.48E-07,1.48E-07,13.79
238.172,1.48E-07,1.48E-07,11.575
238.438,1.48E-07,1.48E-07,10.942
238.688,1.48E-07,1.48E-07,10.432
238.954,1.56E-07,1.56E-07,11.404
239.204,1.77E-07,1.77E-07,10.612
239.469,1.77E-07,1.77E-07,11.403
239.719,1.51E-07,1.51E-07,11.326
239.985,1.51E-07,1.51E-07,11.304
240.235,1.57E-07,1.57E-07,10.819
240.5,1.36E-07,1.36E-07,11.139
240.766,1.36E-07,1.36E-07,10.864
241.016,1.44E-07,1.44E-07,11.488
241.282,1.44E-07,1.44E-07,10.829
241.532,1.61E-07,1.61E-07,12.265
241.813,1.53E-07,1.53E-07,10.998
242.047,1.53E-07,1.53E-07,10.141
242.313,1.32E-07,1.32E-07,10.027
242.563,1.32E-07,1.32E-07,10.858
242.813,1.47E-07,1.47E-07,11.373
243.079,1.36E-07,1.36E-07,11
243.329,1.36E-07,1.36E-07,10.391
243.594,1.56E-07,1.56E-07,11.153
243.86,1.56E-07,1.56E-07,10.455
244.11,1.37E-07,1.37E-07,10.782
244.375,1.40E-07,1.40E-07,10.646
244.625,1.40E-07,1.40E-07,11.362
244.891,1.34E-07,1.34E-07,10.502
245.141,1.34E-07,1.34E-07,10.867
245.391,1.43E-07,1.43E-07,10.284
245.657,1.47E-07,1.47E-07,10.329
245.907,1.47E-07,1.47E-07,10.678
246.172,1.49E-07,1.49E-07,10.332
246.438,1.42E-07,1.42E-07,11.798
246.688,1.42E-07,1.42E-07,11.659
246.938,1.41E-07,1.41E-07,10.14
247.204,1.41E-07,1.41E-07,11.656
247.469,1.40E-07,1.40E-07,11.167
247.719,1.46E-07,1.46E-07,10.467
247.985,1.46E-07,1.46E-07,10.41
248.235,1.41E-07,1.41E-07,11.63
248.485,1.41E-07,1.41E-07,10.578
248.75,1.44E-07,1.44E-07,11.169
249.016,1.34E-07,1.34E-07,10.718
249.266,1.34E-07,1.34E-07,11.341
249.532,1.47E-07,1.47E-07,10.115
249.797,1.47E-07,1.47E-07,10.854
250.047,1.37E-07,1.37E-07,11.191
250.313,1.37E-07,1.37E-07,11.092
250.563,1.37E-07,1.37E-07,10.77
250.829,1.40E-07,1.40E-07,10.489
251.079,1.40E-07,1.40E-07,10.187
251.329,1.40E-07,1.40E-07,10.173
251.594,1.37E-07,1.37E-07,10.704
251.844,1.37E-07,1.37E-07,10.631
252.11,1.38E-07,1.38E-07,10.643
252.36,1.38E-07,1.38E-07,10.566
252.625,1.40E-07,1.40E-07,10.624
252.891,1.44E-07,1.44E-07,10.93
253.141,1.44E-07,1.44E-07,10.718
253.391,1.29E-07,1.29E-07,11.426
253.657,1.29E-07,1.29E-07,15.9
253.907,1.30E-07,1.30E-07,10.605
254.157,1.35E-07,1.35E-07,10.118
254.422,1.35E-07,1.35E-07,10.651
254.672,1.31E-07,1.31E-07,10.388
254.922,1.31E-07,1.31E-07,10.406
255.204,1.28E-07,1.28E-07,10.144
255.454,1.37E-07,1.37E-07,10.751
255.704,1.37E-07,1.37E-07,10.283
255.954,1.33E-07,1.33E-07,10.543
256.204,1.33E-07,1.33E-07,10.968
256.469,1.26E-07,1.26E-07,11.093
256.719,1.39E-07,1.39E-07,11.247
256.969,1.39E-07,1.39E-07,10.301
257.219,1.41E-07,1.41E-07,10.012
257.5,1.43E-07,1.43E-07,16.242
257.75,1.43E-07,1.43E-07,10.566
258.032,1.41E-07,1.41E-07,12.172
258.282,1.41E-07,1.41E-07,10.944
258.532,1.33E-07,1.33E-07,10.731
258.782,1.43E-07,1.43E-07,14.615
259.032,1.43E-07,1.43E-07,10.487
259.282,1.27E-07,1.27E-07,10.343
259.532,1.27E-07,1.27E-07,10.425
259.782,1.43E-07,1.43E-07,10.853
260.032,1.43E-07,1.43E-07,10.656
260.282,1.39E-07,1.39E-07,10.638
260.547,1.32E-07,1.32E-07,10.612
260.797,1.32E-07,1.32E-07,9.953
261.063,1.28E-07,1.28E-07,10.82
261.313,1.28E-07,1.28E-07,10.769
261.563,1.53E-07,1.53E-07,10.538
261.813,1.42E-07,1.42E-07,10.567
262.063,1.42E-07,1.42E-07,13.78
262.313,1.35E-07,1.35E-07,11.022
262.563,1.35E-07,1.35E-07,10.187
262.813,1.44E-07,1.44E-07,11.233
263.063,1.35E-07,1.35E-07,10.796
263.313,1.35E-07,1.35E-07,10.81
263.563,1.36E-07,1.36E-07,10.057
263.829,1.36E-07,1.36E-07,10.907
264.079,1.25E-07,1.25E-07,10.383
264.344,1.49E-07,1.49E-07,10.583
264.61,1.49E-07,1.49E-07,10.601
264.86,1.28E-07,1.28E-07,11.249
265.11,1.28E-07,1.28E-07,10.965
265.36,1.30E-07,1.30E-07,10.557
265.61,1.40E-07,1.40E-07,10.886
265.86,1.40E-07,1.40E-07,10.363
266.125,1.40E-07,1.40E-07,11.544
266.375,1.40E-07,1.40E-07,11.282
266.625,1.48E-07,1.48E-07,10.373
266.891,1.29E-07,1.29E-07,10.792
267.157,1.29E-07,1.29E-07,10.178
267.422,1.44E-07,1.44E-07,11.254
267.672,1.44E-07,1.44E-07,10.627
267.922,1.30E-07,1.30E-07,11.942
268.188,1.31E-07,1.31E-07,11.247
268.438,1.31E-07,1.31E-07,10.756
268.688,1.23E-07,1.23E-07,10.822
268.954,1.23E-07,1.23E-07,11.028
269.219,1.36E-07,1.36E-07,11.816
269.485,1.42E-07,1.42E-07,10.478
269.735,1.42E-07,1.42E-07,10.745
270,1.35E-07,1.35E-07,11.086
270.266,1.35E-07,1.35E-07,15.527
270.516,1.35E-07,1.35E-07,10.869
270.782,1.28E-07,1.28E-07,10.561
271.032,1.28E-07,1.28E-07,11.264
271.297,1.32E-07,1.32E-07,10.805
271.547,1.36E-07,1.36E-07,16.721
271.797,1.36E-07,1.36E-07,10.501
272.063,1.25E-07,1.25E-07,10.709
272.313,1.25E-07,1.25E-07,10.356
272.579,1.24E-07,1.24E-07,10.609
272.829,1.32E-07,1.32E-07,11.34
273.094,1.32E-07,1.32E-07,10.348
273.344,1.23E-07,1.23E-07,11.094
273.625,1.23E-07,1.23E-07,10.613
273.875,1.34E-07,1.34E-07,10.596
274.125,1.40E-07,1.40E-07,10.828
274.375,1.40E-07,1.40E-07,10.491
274.625,1.32E-07,1.32E-07,10.77
274.891,1.32E-07,1.32E-07,10.222
275.141,1.38E-07,1.38E-07,10.746
275.391,1.27E-07,1.27E-07,10.72
275.657,1.27E-07,1.27E-07,10.889
275.907,1.33E-07,1.33E-07,11.144
276.172,1.33E-07,1.33E-07,11.31
276.422,1.33E-07,1.33E-07,10.719
276.688,1.42E-07,1.42E-07,11.046
276.938,1.42E-07,1.42E-07,11.238
277.188,1.39E-07,1.39E-07,10.333
277.454,1.39E-07,1.39E-07,11.232
277.704,1.43E-07,1.43E-07,11.18
277.954,1.35E-07,1.35E-07,10.427
278.204,1.35E-07,1.35E-07,10.531
278.469,1.35E-07,1.35E-07,10.848
278.719,1.35E-07,1.35E-07,9.915
278.985,1.25E-07,1.25E-07,11.532
279.235,1.37E-07,1.37E-07,10.28
279.5,1.37E-07,1.37E-07,10.051
279.766,1.27E-07,1.27E-07,10.907
280.016,1.27E-07,1.27E-07,10.536
280.266,1.41E-07,1.41E-07,10.941
280.516,1.32E-07,1.32E-07,10.129
280.782,1.32E-07,1.32E-07,11.814
281.047,1.22E-07,1.22E-07,10.322
281.297,1.22E-07,1.22E-07,10.187
281.563,1.23E-07,1.23E-07,11.006
281.829,1.28E-07,1.28E-07,11.05
282.079,1.28E-07,1.28E-07,12.053
282.329,1.27E-07,1.27E-07,10.822
282.594,1.27E-07,1.27E-07,10.403
282.86,1.48E-07,1.48E-07,11.259
283.11,1.30E-07,1.30E-07,11.373
283.36,1.30E-07,1.30E-07,10.094
283.625,1.38E-07,1.38E-07,10.76
283.891,1.38E-07,1.38E-07,15.879
284.141,1.21E-07,1.21E-07,10.691
284.391,1.25E-07,1.25E-07,10.936
284.641,1.25E-07,1.25E-07,11.797
284.891,1.83E-07,1.83E-07,10.799
285.141,1.83E-07,1.83E-07,10.577
285.391,-1.53E-07,-1.53E-07,11.203
285.641,4.18E-07,4.18E-07,11.018
285.922,4.18E-07,4.18E-07,10.478
286.172,-4.74E-08,-4.74E-08,10.773
286.422,-4.74E-08,-4.74E-08,10.479
286.672,1.23E-07,1.23E-07,11.162
286.922,1.28E-07,1.28E-07,10.319
287.188,1.28E-07,1.28E-07,12.076
287.438,-1.83E-07,-1.83E-07,11.59
287.704,-1.83E-07,-1.83E-07,11.573
287.954,3.42E-07,3.42E-07,10.438
288.204,6.29E-08,6.29E-08,10.371
288.469,6.29E-08,6.29E-08,11.466
288.719,1.88E-07,1.88E-07,10.681
288.969,1.88E-07,1.88E-07,10.626
289.235,3.19E-07,3.19E-07,10.644
289.485,1.94E-07,1.94E-07,10.57
289.75,1.94E-07,1.94E-07,10.518
290,2.89E-07,2.89E-07,11.262
290.25,2.89E-07,2.89E-07,11.629
290.516,6.94E-07,6.94E-07,10.939
290.782,-5.08E-07,-5.08E-07,10.941
291.032,-5.08E-07,-5.08E-07,10.535
291.297,3.32E-07,3.32E-07,11.168
291.547,2.40E-07,2.40E-07,20.371
291.813,2.40E-07,2.40E-07,10.462
292.063,-1.87E-07,-1.87E-07,11.449
292.313,-1.87E-07,-1.87E-07,10.951
292.579,3.13E-07,3.13E-07,11.026
292.829,2.57E-08,2.57E-08,9.754
293.094,2.57E-08,2.57E-08,10.832
293.344,1.53E-07,1.53E-07,11.934
293.61,1.53E-07,1.53E-07,11.517
293.875,1.75E-07,1.75E-07,11.282
294.125,-9.34E-09,-9.34E-09,10.837
294.375,-9.34E-09,-9.34E-09,10.822
294.641,3.16E-07,3.16E-07,11.27
294.891,3.16E-07,3.16E-07,10.458
295.157,-8.48E-08,-8.48E-08,10.915
295.407,4.32E-07,4.32E-07,10.953
295.672,4.32E-07,4.32E-07,11.363
295.922,-8.21E-08,-8.21E-08,10.456
296.172,-8.21E-08,-8.21E-08,10.836
296.422,2.14E-07,2.14E-07,11.014
296.688,2.49E-08,2.49E-08,10.357
296.954,2.49E-08,2.49E-08,11.008
297.204,-9.66E-08,-9.66E-08,10.364
297.469,-9.66E-08,-9.66E-08,10.58
297.719,4.78E-07,4.78E-07,11.45
297.985,-2.56E-08,-2.56E-08,10.859
298.235,-2.56E-08,-2.56E-08,10.975
298.5,1.26E-07,1.26E-07,11.086
298.735,1.26E-07,1.26E-07,10.018
299,1.38E-07,1.38E-07,9.974
299.266,1.41E-07,1.41E-07,10.2
299.516,1.41E-07,1.41E-07,12.497
299.782,1.32E-07,1.32E-07,10.551
300.032,1.32E-07,1.32E-07,10.129
300.297,1.32E-07,1.32E-07,10.268
300.547,1.46E-07,1.46E-07,11.133
300.797,1.46E-07,1.46E-07,12.527
301.063,1.27E-07,1.27E-07,10.362
301.313,1.27E-07,1.27E-07,10.731
301.579,1.40E-07,1.40E-07,10.726
301.829,1.31E-07,1.31E-07,10.282
302.094,1.31E-07,1.31E-07,10.079
302.344,1.29E-07,1.29E-07,11.012
302.594,1.29E-07,1.29E-07,10.732
302.844,1.24E-07,1.24E-07,10.45
303.11,1.28E-07,1.28E-07,11.266
303.36,1.28E-07,1.28E-07,11.145
303.625,1.21E-07,1.21E-07,10.631
303.891,1.21E-07,1.21E-07,15.046
304.141,1.21E-07,1.21E-07,9.933
304.407,1.44E-07,1.44E-07,10.847
304.657,1.44E-07,1.44E-07,10.191
304.922,1.28E-07,1.28E-07,11.098
305.172,1.30E-07,1.30E-07,11.535
305.438,1.30E-07,1.30E-07,11.527
305.688,1.46E-07,1.46E-07,10.764
305.938,1.46E-07,1.46E-07,10.39
306.219,1.36E-07,1.36E-07,10.464
306.469,1.50E-07,1.50E-07,10.667
306.719,1.50E-07,1.50E-07,11.321
306.969,1.32E-07,1.32E-07,11.802
307.219,1.32E-07,1.32E-07,10.882
307.485,1.26E-07,1.26E-07,11.439
307.735,1.27E-07,1.27E-07,10.84
307.985,1.27E-07,1.27E-07,10.999
308.25,1.43E-07,1.43E-07,10.434
308.5,1.43E-07,1.43E-07,11.186
308.75,1.36E-07,1.36E-07,10.04
309.032,1.34E-07,1.34E-07,10.996
309.282,1.34E-07,1.34E-07,10.841
309.532,1.49E-07,1.49E-07,11.576
309.797,1.49E-07,1.49E-07,10.968
310.063,1.52E-07,1.52E-07,10.836
310.313,1.33E-07,1.33E-07,11.063
310.563,1.33E-07,1.33E-07,10.953
310.813,1.32E-07,1.32E-07,10.785
311.079,1.32E-07,1.32E-07,10.339
311.344,1.36E-07,1.36E-07,11.399
311.579,1.26E-07,1.26E-07,10.057
311.844,1.26E-07,1.26E-07,10.101
312.11,1.48E-07,1.48E-07,10.425
312.36,1.48E-07,1.48E-07,10.896
312.625,1.63E-07,1.63E-07,10.272
312.875,1.33E-07,1.33E-07,10.84
313.141,1.33E-07,1.33E-07,11.025
313.391,1.38E-07,1.38E-07,9.964
313.657,1.38E-07,1.38E-07,10.425
313.907,1.39E-07,1.39E-07,10.02
314.157,1.47E-07,1.47E-07,11.534
314.438,1.47E-07,1.47E-07,13.99
314.688,1.43E-07,1.43E-07,10.616
314.938,1.43E-07,1.43E-07,10.339
315.188,1.34E-07,1.34E-07,11.256
315.438,1.31E-07,1.31E-07,10.585
315.704,1.31E-07,1.31E-07,12.709
315.954,1.46E-07,1.46E-07,10.28
316.219,1.46E-07,1.46E-07,10.345
316.469,1.25E-07,1.25E-07,10.497
316.719,1.53E-07,1.53E-07,10.427
316.985,1.53E-07,1.53E-07,12.765
317.235,1.43E-07,1.43E-07,10.747
317.5,1.43E-07,1.43E-07,10.616
317.75,1.44E-07,1.44E-07,10.287
318.032,1.59E-07,1.59E-07,10.874
318.282,1.59E-07,1.59E-07,10.774
318.532,1.46E-07,1.46E-07,10.819
318.782,1.46E-07,1.46E-07,10.699
319.032,1.57E-07,1.57E-07,10.098
319.297,1.43E-07,1.43E-07,10.31
319.547,1.43E-07,1.43E-07,10.536
319.813,1.52E-07,1.52E-07,11.383
320.079,1.55E-07,1.55E-07,15.589
320.329,1.55E-07,1.55E-07,10.398
320.594,1.42E-07,1.42E-07,11.059
320.844,1.42E-07,1.42E-07,11.014
321.094,1.40E-07,1.40E-07,10.47
321.36,1.59E-07,1.59E-07,11.452
321.625,1.59E-07,1.59E-07,10.43
321.875,1.56E-07,1.56E-07,11.546
322.141,1.56E-07,1.56E-07,11.242
322.391,1.61E-07,1.61E-07,10.529
322.657,1.46E-07,1.46E-07,10.321
322.907,1.46E-07,1.46E-07,10.722
323.157,1.51E-07,1.51E-07,10.799
323.407,1.51E-07,1.51E-07,11.228
323.672,1.54E-07,1.54E-07,11.252
323.922,1.64E-07,1.64E-07,11.108
324.172,1.64E-07,1.64E-07,10.523
324.422,1.56E-07,1.56E-07,11.195
324.688,1.56E-07,1.56E-07,10.534
324.938,1.52E-07,1.52E-07,10.711
325.204,1.47E-07,1.47E-07,10.617
325.454,1.47E-07,1.47E-07,11.465
325.704,1.61E-07,1.61E-07,11.387
325.969,1.61E-07,1.61E-07,10.903
326.219,1.64E-07,1.64E-07,10.172
326.485,1.63E-07,1.63E-07,10.539
326.735,1.63E-07,1.63E-07,10.908
326.985,1.50E-07,1.50E-07,11.992
327.25,1.50E-07,1.50E-07,10.828
327.5,1.60E-07,1.60E-07,10.275
327.766,1.56E-07,1.56E-07,10.375
328.016,1.56E-07,1.56E-07,10.126
328.282,1.58E-07,1.58E-07,10.404
328.516,1.58E-07,1.58E-07,10.024
328.797,1.66E-07,1.66E-07,11.413
329.047,1.65E-07,1.65E-07,10.483
329.297,1.65E-07,1.65E-07,11.492
329.547,1.63E-07,1.63E-07,11.016
329.797,1.63E-07,1.63E-07,10.183
330.079,1.62E-07,1.62E-07,10.567
330.313,1.59E-07,1.59E-07,10.14
330.594,1.59E-07,1.59E-07,11.066
330.844,1.62E-07,1.62E-07,10.939
331.094,1.62E-07,1.62E-07,10.932
331.344,1.65E-07,1.65E-07,10.645
331.61,1.74E-07,1.74E-07,10.342
331.86,1.74E-07,1.74E-07,10.602
332.11,1.50E-07,1.50E-07,11.131
332.375,1.50E-07,1.50E-07,10.574
332.641,1.68E-07,1.68E-07,10.493
332.891,1.79E-07,1.79E-07,10.68
333.157,1.79E-07,1.79E-07,10.172
333.407,1.74E-07,1.74E-07,11.021
333.672,1.74E-07,1.74E-07,10.699
333.922,1.78E-07,1.78E-07,10.46
334.188,1.76E-07,1.76E-07,10.895
334.438,1.76E-07,1.76E-07,14.045
334.688,1.65E-07,1.65E-07,10.286
334.954,1.65E-07,1.65E-07,10.012
335.219,1.78E-07,1.78E-07,10.506
335.485,2.68E-07,2.68E-07,10.395
335.735,2.68E-07,2.68E-07,11.611
336,2.10E-07,2.10E-07,11.479
336.25,1.94E-07,1.94E-07,18.867
336.532,1.94E-07,1.94E-07,11.327
336.782,1.90E-07,1.90E-07,11.375
337.032,1.90E-07,1.90E-07,10.345
337.282,1.67E-07,1.67E-07,10.777
337.532,2.05E-07,2.05E-07,15.791
337.813,2.05E-07,2.05E-07,10.474
338.063,2.83E-07,2.83E-07,11.045
338.313,2.83E-07,2.83E-07,10.715
338.579,2.70E-07,2.70E-07,11.048
338.829,2.12E-07,2.12E-07,10.751
339.094,2.12E-07,2.12E-07,10.339
339.344,4.71E-07,4.71E-07,10.391
339.61,4.71E-07,4.71E-07,11.254
339.875,1.38E-07,1.38E-07,11.626
340.125,4.68E-07,4.68E-07,11.133
340.375,4.68E-07,4.68E-07,11.666
340.641,8.42E-06,8.42E-06,10.511
340.907,8.42E-06,8.42E-06,10.55
341.157,4.91E-07,4.91E-07,10.034
341.422,2.02E-07,2.02E-07,10.576
341.688,2.02E-07,2.02E-07,10.778
341.938,4.01E-07,4.01E-07,10.504
342.204,4.01E-07,4.01E-07,15.284
342.485,1.27E-06,1.27E-06,10.491
342.735,9.89E-07,9.89E-07,10.745
342.985,9.89E-07,9.89E-07,10.227
343.235,2.91E-07,2.91E-07,11.01
343.5,2.73E-07,2.73E-07,10.3
343.766,2.73E-07,2.73E-07,11.09
344.016,3.08E-07,3.08E-07,10.958
344.282,3.08E-07,3.08E-07,11.428
344.532,3.09E-07,3.09E-07,10.5
344.797,2.50E-07,2.50E-07,11.205
345.047,2.50E-07,2.50E-07,11.113
345.297,2.69E-07,2.69E-07,11.114
345.563,2.69E-07,2.69E-07,11.377
345.829,2.43E-07,2.43E-07,11.704
346.079,2.39E-07,2.39E-07,10.643
346.344,2.39E-07,2.39E-07,10.295
346.61,2.31E-07,2.31E-07,10.825
346.86,2.31E-07,2.31E-07,10.109
347.125,2.37E-07,2.37E-07,10.064
347.407,2.40E-07,2.40E-07,10.443
347.657,2.40E-07,2.40E-07,10.531
347.907,2.32E-07,2.32E-07,11.018
348.157,2.32E-07,2.32E-07,15.858
348.407,2.42E-07,2.42E-07,10.158
348.672,2.29E-07,2.29E-07,10.406
348.938,2.29E-07,2.29E-07,10.404
349.188,2.42E-07,2.42E-07,10.488
349.454,2.62E-07,2.62E-07,21.602
349.704,2.62E-07,2.62E-07,10.671
349.969,2.27E-07,2.27E-07,10.643
350.219,2.27E-07,2.27E-07,10.512
350.485,2.20E-07,2.20E-07,10.535
350.735,2.48E-07,2.48E-07,11.368
351,2.48E-07,2.48E-07,10.465
351.282,1.43E-07,1.43E-07,10.756
351.532,1.43E-07,1.43E-07,10.459
351.782,1.83E-07,1.83E-07,11.162
352.032,1.90E-07,1.90E-07,11.346
352.282,1.90E-07,1.90E-07,10.442
352.547,2.02E-07,2.02E-07,10.172
352.813,2.02E-07,2.02E-07,10.907
353.063,2.36E-07,2.36E-07,10.991
353.313,3.47E-07,3.47E-07,10.461
353.579,3.47E-07,3.47E-07,10.484
353.844,3.16E-07,3.16E-07,10.332
354.094,3.16E-07,3.16E-07,10.416
354.36,2.77E-07,2.77E-07,11.15
354.625,3.01E-07,3.01E-07,10.73
354.875,3.01E-07,3.01E-07,10.181
355.125,4.15E-07,4.15E-07,11.201
355.391,4.15E-07,4.15E-07,15.654
355.641,3.28E-07,3.28E-07,11.258
355.907,3.09E-07,3.09E-07,10.577
356.157,3.09E-07,3.09E-07,10.297
356.422,2.80E-07,2.80E-07,10.984
356.672,2.28E-07,2.28E-07,19.029
356.954,2.28E-07,2.28E-07,10.434
357.204,2.98E-07,2.98E-07,11.635
357.454,2.98E-07,2.98E-07,11.433
357.719,2.73E-07,2.73E-07,10.56
357.985,2.22E-07,2.22E-07,10.619
358.235,2.22E-07,2.22E-07,11.22
358.5,8.56E-08,8.56E-08,11.645
358.75,8.56E-08,8.56E-08,10.082
359.016,1.84E-07,1.84E-07,11.993
359.282,2.66E-07,2.66E-07,10.269
359.516,2.66E-07,2.66E-07,10.08
359.797,2.30E-07,2.30E-07,10.744
360.047,2.30E-07,2.30E-07,11.821
360.313,2.87E-07,2.87E-07,10.854
360.563,2.67E-07,2.67E-07,11.243
360.829,2.67E-07,2.67E-07,13.455
361.079,2.16E-07,2.16E-07,10.957
361.344,2.16E-07,2.16E-07,10.181
361.594,1.91E-07,1.91E-07,10.803
361.86,2.04E-07,2.04E-07,10.048
362.125,2.04E-07,2.04E-07,9.97
362.375,1.94E-07,1.94E-07,10.831
362.61,1.94E-07,1.94E-07,10.047
362.875,1.99E-07,1.99E-07,11.596
363.157,2.04E-07,2.04E-07,10.116
363.391,2.04E-07,2.04E-07,10.153
363.657,2.02E-07,2.02E-07,10.991
363.907,2.02E-07,2.02E-07,16.316
364.157,1.91E-07,1.91E-07,10.899
364.422,1.81E-07,1.81E-07,10.581
364.672,1.81E-07,1.81E-07,10.337
364.938,1.89E-07,1.89E-07,10.835
365.204,1.87E-07,1.87E-07,11.083
365.454,1.87E-07,1.87E-07,10.911
365.719,1.93E-07,1.93E-07,11.395
365.969,1.93E-07,1.93E-07,11.713
366.235,1.90E-07,1.90E-07,11.304
366.485,1.87E-07,1.87E-07,11.559
366.75,1.87E-07,1.87E-07,10.354
367,1.98E-07,1.98E-07,10.746
367.25,1.98E-07,1.98E-07,10.622
367.516,1.99E-07,1.99E-07,10.868
367.766,1.96E-07,1.96E-07,11.134
368.032,1.96E-07,1.96E-07,10.536
368.297,1.91E-07,1.91E-07,10.665
368.547,1.91E-07,1.91E-07,10.704
368.813,2.02E-07,2.02E-07,10.485
369.079,1.98E-07,1.98E-07,10.931
369.329,1.98E-07,1.98E-07,10.347
369.61,1.84E-07,1.84E-07,10.412
369.86,1.84E-07,1.84E-07,10.708
370.11,1.99E-07,1.99E-07,11.385
370.36,1.95E-07,1.95E-07,11.221
370.61,1.95E-07,1.95E-07,12.224
370.86,1.92E-07,1.92E-07,10.782
371.11,1.92E-07,1.92E-07,11.044
371.375,1.84E-07,1.84E-07,10.923
371.625,2.00E-07,2.00E-07,10.588
371.891,2.00E-07,2.00E-07,12.507
372.141,2.09E-07,2.09E-07,10.516
372.407,2.09E-07,2.09E-07,10.427
372.672,1.90E-07,1.90E-07,10.843
372.922,1.98E-07,1.98E-07,10.637
373.172,1.98E-07,1.98E-07,12.648
373.438,1.56E-07,1.56E-07,11.264
373.688,1.56E-07,1.56E-07,11.833
373.954,1.35E-07,1.35E-07,10.254
374.204,1.96E-07,1.96E-07,10.731
374.469,1.96E-07,1.96E-07,10.589
374.719,1.88E-07,1.88E-07,11.427
374.985,2.02E-07,2.02E-07,12.834
375.235,2.02E-07,2.02E-07,9.821
375.516,2.00E-07,2.00E-07,11.905
375.766,2.00E-07,2.00E-07,10.807
376.016,1.83E-07,1.83E-07,11.702
376.282,2.04E-07,2.04E-07,11.093
376.547,2.04E-07,2.04E-07,10.894
376.797,1.90E-07,1.90E-07,10.097
377.063,1.90E-07,1.90E-07,10.85
377.313,2.09E-07,2.09E-07,10.57
377.563,1.96E-07,1.96E-07,10.973
377.829,1.96E-07,1.96E-07,10.625
378.079,1.95E-07,1.95E-07,11.146
378.344,1.95E-07,1.95E-07,11.044
378.594,1.93E-07,1.93E-07,10.536
378.86,2.07E-07,2.07E-07,10.82
379.11,2.07E-07,2.07E-07,10.894
379.375,1.99E-07,1.99E-07,10.573
379.625,1.99E-07,1.99E-07,11.238
379.891,1.96E-07,1.96E-07,10.881
380.141,1.96E-07,1.96E-07,10.402
380.407,1.96E-07,1.96E-07,12.568
380.657,2.11E-07,2.11E-07,10.058
380.922,2.11E-07,2.11E-07,10.274
381.188,2.09E-07,2.09E-07,10.789
381.438,1.95E-07,1.95E-07,11.251
381.688,1.95E-07,1.95E-07,12.652
381.938,1.87E-07,1.87E-07,10.666
382.188,1.87E-07,1.87E-07,11.13
382.454,2.11E-07,2.11E-07,10.146
382.719,2.11E-07,2.11E-07,10.743
382.969,2.11E-07,2.11E-07,12.502
383.235,1.96E-07,1.96E-07,10.864
383.485,1.96E-07,1.96E-07,11.381
383.75,2.05E-07,2.05E-07,10.411
384,2.02E-07,2.02E-07,10.594
384.266,2.02E-07,2.02E-07,10.322
384.516,2.24E-07,2.24E-07,10.992
384.782,1.78E-07,1.78E-07,18.352
385.063,1.78E-07,1.78E-07,10.761
385.313,1.74E-07,1.74E-07,12.083
385.563,1.74E-07,1.74E-07,10.955
385.829,2.16E-07,2.16E-07,10.996
386.079,1.60E-07,1.60E-07,11.249
386.329,1.60E-07,1.60E-07,11.429
386.594,1.61E-07,1.61E-07,10.672
386.86,1.61E-07,1.61E-07,11.103
387.11,1.33E-07,1.33E-07,11.969
387.375,1.55E-07,1.55E-07,11.256
387.625,1.55E-07,1.55E-07,10.869
387.875,1.17E-07,1.17E-07,10.668
388.125,1.17E-07,1.17E-07,11.079
388.391,9.85E-08,9.85E-08,12.069
388.641,9.05E-08,9.05E-08,10.082
388.922,9.05E-08,9.05E-08,10.861
389.172,8.81E-08,8.81E-08,11.502
389.422,8.81E-08,8.81E-08,11.851
389.688,6.47E-08,6.47E-08,10.798
389.954,4.48E-08,4.48E-08,10.348
390.204,4.48E-08,4.48E-08,11.961
390.454,6.36E-08,6.36E-08,11.399
390.719,6.36E-08,6.36E-08,10.533
390.985,1.91E-08,1.91E-08,10.222
391.235,-3.88E-08,-3.88E-08,9.955
391.5,-3.88E-08,-3.88E-08,11.445
391.75,-5.81E-08,-5.81E-08,10.159
392.016,-9.83E-08,-9.83E-08,19.209
392.266,-9.83E-08,-9.83E-08,10.438
392.532,-1.05E-07,-1.05E-07,9.982
392.797,-1.05E-07,-1.05E-07,10.371
393.047,-1.20E-07,-1.20E-07,10.192
393.313,-1.47E-07,-1.47E-07,10.849
393.579,-1.47E-07,-1.47E-07,10.898
393.829,-1.60E-07,-1.60E-07,10.91
394.094,-1.60E-07,-1.60E-07,11.266
394.344,-1.89E-07,-1.89E-07,11.488
394.61,-1.91E-07,-1.91E-07,10.915
394.86,-1.91E-07,-1.91E-07,11.133
395.125,-2.06E-07,-2.06E-07,10.464
395.391,-2.06E-07,-2.06E-07,11.089
395.641,-2.18E-07,-2.18E-07,10.055
395.907,-2.45E-07,-2.45E-07,10.309
396.157,-2.45E-07,-2.45E-07,11.852
396.422,-2.68E-07,-2.68E-07,10.427
396.672,-2.68E-07,-2.68E-07,11.149
396.938,-2.73E-07,-2.73E-07,10.802
397.188,-2.81E-07,-2.81E-07,10.837
397.454,-2.81E-07,-2.81E-07,10.402
397.719,-3.02E-07,-3.02E-07,10.21
397.969,-3.20E-07,-3.20E-07,18.884
398.25,-3.20E-07,-3.20E-07,11.238
398.5,-3.37E-07,-3.37E-07,10.889
398.75,-3.37E-07,-3.37E-07,11.207
399,-3.45E-07,-3.45E-07,10.662
399.266,-3.55E-07,-3.55E-07,10.879
399.516,-3.55E-07,-3.55E-07,10.199
399.782,-3.62E-07,-3.62E-07,11.319
400.032,-3.62E-07,-3.62E-07,9.945
400.297,-3.94E-07,-3.94E-07,10.148
400.563,-3.83E-07,-3.83E-07,11.547
400.813,-3.83E-07,-3.83E-07,10.565
401.079,-4.11E-07,-4.11E-07,11.137
401.344,-4.11E-07,-4.11E-07,10.605
401.594,-4.32E-07,-4.32E-07,10.884
401.86,-4.26E-07,-4.26E-07,10.401
402.11,-4.26E-07,-4.26E-07,10.227
402.375,-4.41E-07,-4.41E-07,10.664
402.625,-4.41E-07,-4.41E-07,11.556
402.891,-4.45E-07,-4.45E-07,10.664
403.141,-4.71E-07,-4.71E-07,10.507
403.407,-4.71E-07,-4.71E-07,11.361
403.657,-4.55E-07,-4.55E-07,10.845
403.922,-4.55E-07,-4.55E-07,15.498
404.204,-4.89E-07,-4.89E-07,10.458
404.454,-4.80E-07,-4.80E-07,11.207
404.704,-4.80E-07,-4.80E-07,10.98
404.954,-4.88E-07,-4.88E-07,10.376
405.219,-4.91E-07,-4.91E-07,11.726
405.469,-4.91E-07,-4.91E-07,10.315
405.735,-4.99E-07,-4.99E-07,10.893
405.985,-4.99E-07,-4.99E-07,10.638
406.25,-5.02E-07,-5.02E-07,10.368
406.485,-5.25E-07,-5.25E-07,10.33
406.75,-5.25E-07,-5.25E-07,10.563
407.016,-5.29E-07,-5.29E-07,11.831
407.282,-5.29E-07,-5.29E-07,10.622
407.532,-5.38E-07,-5.38E-07,10.758
407.797,-5.42E-07,-5.42E-07,11.16
408.047,-5.42E-07,-5.42E-07,10.357
408.313,-5.41E-07,-5.41E-07,10.289
408.563,-5.41E-07,-5.41E-07,10.288
408.829,-5.62E-07,-5.62E-07,11.931
409.079,-5.56E-07,-5.56E-07,10.704
409.344,-5.56E-07,-5.56E-07,10.471
409.594,-5.72E-07,-5.72E-07,10.476
409.844,-5.72E-07,-5.72E-07,10.834
410.11,-5.52E-07,-5.52E-07,11.767
410.36,-5.65E-07,-5.65E-07,10.698
410.61,-5.65E-07,-5.65E-07,11.038
410.86,-5.68E-07,-5.68E-07,10.059
411.125,-5.68E-07,-5.68E-07,10.724
411.391,-5.74E-07,-5.74E-07,11.448
411.641,-5.72E-07,-5.72E-07,10.927
411.907,-5.72E-07,-5.72E-07,11.604
412.172,-5.64E-07,-5.64E-07,10.721
412.422,-5.64E-07,-5.64E-07,10.558
412.672,-5.79E-07,-5.79E-07,10.396
412.938,-5.97E-07,-5.97E-07,11.572
413.204,-5.97E-07,-5.97E-07,10.483
413.454,-6.02E-07,-6.02E-07,10.78
413.719,-6.02E-07,-6.02E-07,16.131
413.969,-5.84E-07,-5.84E-07,10.768
414.219,-5.72E-07,-5.72E-07,10.758
414.5,-5.72E-07,-5.72E-07,10.839
414.75,-5.91E-07,-5.91E-07,10.927
415,-5.91E-07,-5.91E-07,16.298
415.25,-5.80E-07,-5.80E-07,10.664
415.516,-5.95E-07,-5.95E-07,10.303
415.766,-5.95E-07,-5.95E-07,10.418
416.032,-5.98E-07,-5.98E-07,11.18
416.282,-5.81E-07,-5.81E-07,19.832
416.563,-5.81E-07,-5.81E-07,10.58
416.813,-5.89E-07,-5.89E-07,10.667
417.063,-5.89E-07,-5.89E-07,10.666
417.313,-5.88E-07,-5.88E-07,10.836
417.563,-5.87E-07,-5.87E-07,14.068
417.813,-5.87E-07,-5.87E-07,10.384
418.063,-6.00E-07,-6.00E-07,10.539
418.329,-6.00E-07,-6.00E-07,10.049
418.61,-5.91E-07,-5.91E-07,11.469
418.86,-6.00E-07,-6.00E-07,10.913
419.11,-6.00E-07,-6.00E-07,10.234
419.36,-5.97E-07,-5.97E-07,10.562
419.61,-5.97E-07,-5.97E-07,10.585
419.875,-6.01E-07,-6.01E-07,10.548
420.125,-6.01E-07,-6.01E-07,9.975
420.391,-6.01E-07,-6.01E-07,10.64
420.641,-6.10E-07,-6.10E-07,11.609
420.907,-6.10E-07,-6.10E-07,10.832
421.157,-5.93E-07,-5.93E-07,11.163
421.422,-5.89E-07,-5.89E-07,10.539
421.688,-5.89E-07,-5.89E-07,10.878
421.938,-5.91E-07,-5.91E-07,10.919
422.204,-5.91E-07,-5.91E-07,10.578
422.454,-5.97E-07,-5.97E-07,10.994
422.704,-6.02E-07,-6.02E-07,10.169
422.969,-6.02E-07,-6.02E-07,11.262
423.219,-5.82E-07,-5.82E-07,10.641
423.485,-5.82E-07,-5.82E-07,10.494
423.735,-6.00E-07,-6.00E-07,10.585
424,-6.07E-07,-6.07E-07,11.262
424.25,-6.07E-07,-6.07E-07,12.148
424.516,-5.87E-07,-5.87E-07,10.998
424.766,-5.87E-07,-5.87E-07,11.462
425.032,-5.96E-07,-5.96E-07,10.434
425.282,-5.90E-07,-5.90E-07,10.828
425.547,-5.90E-07,-5.90E-07,11.463
425.797,-5.89E-07,-5.89E-07,10.626
426.063,-5.89E-07,-5.89E-07,16.178
426.313,-5.81E-07,-5.81E-07,11.405
426.579,-5.88E-07,-5.88E-07,10.998
426.86,-5.88E-07,-5.88E-07,10.897
427.11,-5.72E-07,-5.72E-07,10.4
427.36,-6.01E-07,-6.01E-07,16.42
427.61,-6.01E-07,-6.01E-07,10.952
427.86,-5.87E-07,-5.87E-07,10.585
428.11,-5.87E-07,-5.87E-07,11.575
428.36,-5.91E-07,-5.91E-07,11.576
428.625,-5.65E-07,-5.65E-07,16.269
428.875,-5.65E-07,-5.65E-07,11.146
429.141,-5.69E-07,-5.69E-07,11.3
429.391,-5.69E-07,-5.69E-07,11.664
429.657,-5.83E-07,-5.83E-07,10.371
429.922,-5.86E-07,-5.86E-07,11.349
430.172,-5.86E-07,-5.86E-07,11.583
430.438,-5.72E-07,-5.72E-07,10.237
430.688,-5.72E-07,-5.72E-07,10.798
430.969,-5.76E-07,-5.76E-07,11.618
431.219,-5.62E-07,-5.62E-07,10.577
431.469,-5.62E-07,-5.62E-07,10.583
431.719,-5.75E-07,-5.75E-07,10.786
431.969,-5.75E-07,-5.75E-07,11.448
432.235,-5.75E-07,-5.75E-07,11.854
432.485,-5.53E-07,-5.53E-07,10.563
432.735,-5.53E-07,-5.53E-07,10.325
433,-5.67E-07,-5.67E-07,11.065
433.25,-5.67E-07,-5.67E-07,10.554
433.516,-5.52E-07,-5.52E-07,11.602
433.766,-5.65E-07,-5.65E-07,10.25
434.016,-5.65E-07,-5.65E-07,9.886
434.297,-5.61E-07,-5.61E-07,10.795
434.547,-5.61E-07,-5.61E-07,11.355
434.797,-5.63E-07,-5.63E-07,10.903
435.079,-5.64E-07,-5.64E-07,10.142
435.329,-5.64E-07,-5.64E-07,11.396
435.579,-5.54E-07,-5.54E-07,10.127
435.829,-5.54E-07,-5.54E-07,11.246
436.079,-5.56E-07,-5.56E-07,9.92
436.344,-5.47E-07,-5.47E-07,10.365
436.61,-5.47E-07,-5.47E-07,10.195
436.86,-5.44E-07,-5.44E-07,10.295
437.094,-5.44E-07,-5.44E-07,10.081
437.36,-5.36E-07,-5.36E-07,10.403
437.61,-5.48E-07,-5.48E-07,10.618
437.86,-5.48E-07,-5.48E-07,10.877
438.125,-5.41E-07,-5.41E-07,11.419
438.391,-5.41E-07,-5.41E-07,10.686
438.641,-5.25E-07,-5.25E-07,9.919
438.907,-5.27E-07,-5.27E-07,10.303
439.157,-5.27E-07,-5.27E-07,9.962
439.438,-5.23E-07,-5.23E-07,10.726
439.688,-5.22E-07,-5.22E-07,16.825
439.938,-5.22E-07,-5.22E-07,10.367
440.204,-5.34E-07,-5.34E-07,11.733
440.469,-5.34E-07,-5.34E-07,10.473
440.719,-5.29E-07,-5.29E-07,10.682
440.985,-5.17E-07,-5.17E-07,11.37
441.235,-5.17E-07,-5.17E-07,11.064
441.485,-5.14E-07,-5.14E-07,11.011
441.75,-5.14E-07,-5.14E-07,10.121
442.016,-5.29E-07,-5.29E-07,11.578
442.282,-5.26E-07,-5.26E-07,10.303
442.532,-5.26E-07,-5.26E-07,10.971
442.797,-5.13E-07,-5.13E-07,11.166
443.047,-5.13E-07,-5.13E-07,10.807
443.297,-5.16E-07,-5.16E-07,11.729
443.563,-5.15E-07,-5.15E-07,11.361
443.829,-5.15E-07,-5.15E-07,13.521
444.079,-5.09E-07,-5.09E-07,10.186
444.344,-5.09E-07,-5.09E-07,10.327
444.594,-5.08E-07,-5.08E-07,9.992
444.844,-5.15E-07,-5.15E-07,10.418
445.125,-5.15E-07,-5.15E-07,10.503
445.375,-5.07E-07,-5.07E-07,11.293
445.625,-5.07E-07,-5.07E-07,10.743
445.875,-5.06E-07,-5.06E-07,10.485
446.125,-5.10E-07,-5.10E-07,11.089
446.391,-5.10E-07,-5.10E-07,10.946
446.641,-4.83E-07,-4.83E-07,10.411
446.907,-4.83E-07,-4.83E-07,11.587
447.172,-5.00E-07,-5.00E-07,9.791
447.438,-4.89E-07,-4.89E-07,11.148
447.719,-4.89E-07,-4.89E-07,11.762
447.969,-4.93E-07,-4.93E-07,10.627
448.219,-4.97E-07,-4.97E-07,10.376
448.469,-4.97E-07,-4.97E-07,10.424
448.719,-5.01E-07,-5.01E-07,10.495
448.969,-5.01E-07,-5.01E-07,10.638
449.25,-4.98E-07,-4.98E-07,10.989
449.5,-4.99E-07,-4.99E-07,11.131
449.75,-4.99E-07,-4.99E-07,10.715
450,-4.79E-07,-4.79E-07,11.002
450.25,-4.79E-07,-4.79E-07,10.123
450.5,-4.89E-07,-4.89E-07,11.345
450.766,-4.83E-07,-4.83E-07,14.12
451.016,-4.83E-07,-4.83E-07,10.447
451.25,-4.77E-07,-4.77E-07,10.707
451.516,-4.77E-07,-4.77E-07,10.899
451.782,-4.64E-07,-4.64E-07,11.102
452.032,-4.62E-07,-4.62E-07,14.794
452.282,-4.62E-07,-4.62E-07,10.909
452.547,-4.80E-07,-4.80E-07,10.927
452.797,-4.80E-07,-4.80E-07,10.971
453.047,-4.82E-07,-4.82E-07,10.523
453.313,-4.55E-07,-4.55E-07,16.625
453.563,-4.55E-07,-4.55E-07,10.131
453.813,-4.81E-07,-4.81E-07,10.675
454.063,-4.81E-07,-4.81E-07,10.936
454.329,-4.72E-07,-4.72E-07,10.176
454.594,-4.60E-07,-4.60E-07,11.23
454.844,-4.60E-07,-4.60E-07,10.335
455.11,-4.75E-07,-4.75E-07,10.734
455.36,-4.75E-07,-4.75E-07,10.651
455.61,-4.69E-07,-4.69E-07,10.193
455.875,-4.61E-07,-4.61E-07,11.322
456.125,-4.61E-07,-4.61E-07,11.311
456.391,-4.58E-07,-4.58E-07,10.488
456.641,-4.58E-07,-4.58E-07,10.015
456.907,-4.64E-07,-4.64E-07,10.742
457.157,-4.43E-07,-4.43E-07,10.849
457.407,-4.43E-07,-4.43E-07,10.244
457.657,-4.57E-07,-4.57E-07,11.787
457.922,-4.57E-07,-4.57E-07,11.101
458.172,-4.41E-07,-4.41E-07,10.742
458.438,-4.35E-07,-4.35E-07,10.519
458.704,-4.35E-07,-4.35E-07,10.457
458.954,-4.36E-07,-4.36E-07,11.069
459.219,-4.36E-07,-4.36E-07,10.517
459.469,-4.39E-07,-4.39E-07,10.603
459.735,-4.32E-07,-4.32E-07,11.319
459.985,-4.32E-07,-4.32E-07,10.628
460.25,-4.39E-07,-4.39E-07,11.43
460.5,-4.39E-07,-4.39E-07,10.749
460.766,-4.38E-07,-4.38E-07,10.51
461.032,-4.22E-07,-4.22E-07,10.706
461.282,-4.22E-07,-4.22E-07,11.536
461.563,-4.33E-07,-4.33E-07,10.992
461.829,-4.15E-07,-4.15E-07,20.931
462.063,-4.15E-07,-4.15E-07,10.508
462.313,-4.37E-07,-4.37E-07,11.078
462.563,-4.37E-07,-4.37E-07,10.534
462.813,-4.20E-07,-4.20E-07,11.469
463.063,-4.20E-07,-4.20E-07,10.694
463.329,-4.29E-07,-4.29E-07,10.45
463.579,-4.23E-07,-4.23E-07,10.461
463.829,-4.23E-07,-4.23E-07,12.654
464.094,-4.30E-07,-4.30E-07,10.879
464.36,-4.30E-07,-4.30E-07,16.302
464.641,-4.26E-07,-4.26E-07,10.947
464.891,-4.25E-07,-4.25E-07,10.576
465.141,-4.25E-07,-4.25E-07,10.588
465.407,-4.14E-07,-4.14E-07,11.075
465.657,-4.14E-07,-4.14E-07,11.068
465.922,-4.14E-07,-4.14E-07,10.047
466.172,-4.16E-07,-4.16E-07,11.605
466.438,-4.16E-07,-4.16E-07,11.2
466.688,-4.03E-07,-4.03E-07,11.301
466.954,-4.13E-07,-4.13E-07,11.648
467.219,-4.13E-07,-4.13E-07,10.888
467.469,-4.10E-07,-4.10E-07,10.444
467.735,-4.10E-07,-4.10E-07,10.582
467.985,-3.97E-07,-3.97E-07,10.822
468.235,-4.02E-07,-4.02E-07,10.528
468.485,-4.02E-07,-4.02E-07,10.621
468.75,-4.11E-07,-4.11E-07,10.224
469,-4.11E-07,-4.11E-07,10.525
469.266,-4.05E-07,-4.05E-07,11.109
469.516,-4.20E-07,-4.20E-07,10.562
469.782,-4.20E-07,-4.20E-07,10.641
470.032,-3.94E-07,-3.94E-07,11.271
470.282,-3.94E-07,-3.94E-07,10.705
470.547,-4.01E-07,-4.01E-07,10.469
470.813,-3.90E-07,-3.90E-07,11.078
471.063,-3.90E-07,-3.90E-07,11.198
471.329,-3.96E-07,-3.96E-07,10.635
471.594,-3.96E-07,-3.96E-07,10.19
471.844,-3.89E-07,-3.89E-07,11.128
472.094,-3.83E-07,-3.83E-07,11.01
472.36,-3.83E-07,-3.83E-07,11.162
472.61,-3.84E-07,-3.84E-07,10.384
472.875,-3.84E-07,-3.84E-07,15.956
473.125,-3.83E-07,-3.83E-07,10.326
473.391,-3.97E-07,-3.97E-07,10.219
473.641,-3.97E-07,-3.97E-07,10.835
473.891,-3.76E-07,-3.76E-07,10.516
474.157,-3.76E-07,-3.76E-07,16.191
474.407,-3.81E-07,-3.81E-07,11.254
474.657,-3.71E-07,-3.71E-07,10.41
474.922,-3.71E-07,-3.71E-07,10.948
475.188,-3.83E-07,-3.83E-07,10.652
475.454,-3.79E-07,-3.79E-07,21.084
475.688,-3.79E-07,-3.79E-07,11.199
475.938,-3.80E-07,-3.80E-07,11.234
476.204,-3.80E-07,-3.80E-07,10.13
476.454,-3.69E-07,-3.69E-07,10.733
476.719,-3.66E-07,-3.66E-07,13.425
476.969,-3.66E-07,-3.66E-07,10.81
477.235,-3.72E-07,-3.72E-07,10.094
477.5,-3.72E-07,-3.72E-07,10.577
477.75,-3.76E-07,-3.76E-07,10.292
478.016,-3.52E-07,-3.52E-07,10.675
478.266,-3.52E-07,-3.52E-07,10.252
478.532,-3.70E-07,-3.70E-07,10.597
478.782,-3.70E-07,-3.70E-07,11.462
479.047,-3.57E-07,-3.57E-07,10.876
479.297,-3.50E-07,-3.50E-07,10.599
479.579,-3.50E-07,-3.50E-07,10.993
479.829,-3.43E-07,-3.43E-07,11.083
480.079,-3.43E-07,-3.43E-07,10.733
480.329,-3.60E-07,-3.60E-07,11.337
480.579,-3.43E-07,-3.43E-07,10.237
480.844,-3.43E-07,-3.43E-07,10.544
481.094,-3.45E-07,-3.45E-07,10.378
481.36,-3.45E-07,-3.45E-07,11.315
481.61,-3.40E-07,-3.40E-07,11.119
481.86,-3.34E-07,-3.34E-07,9.978
482.125,-3.34E-07,-3.34E-07,10.671
482.375,-3.50E-07,-3.50E-07,10.688
482.625,-3.50E-07,-3.50E-07,9.916
482.875,-3.40E-07,-3.40E-07,10.896
483.141,-3.38E-07,-3.38E-07,10.38
483.391,-3.38E-07,-3.38E-07,10.55
483.641,-3.34E-07,-3.34E-07,10.499
483.907,-3.34E-07,-3.34E-07,10.55
484.172,-3.38E-07,-3.38E-07,10.059
484.438,-3.35E-07,-3.35E-07,10.871
484.688,-3.35E-07,-3.35E-07,14.55
484.938,-3.20E-07,-3.20E-07,9.964
485.188,-3.20E-07,-3.20E-07,10.911
485.438,-3.26E-07,-3.26E-07,10.53
485.704,-3.30E-07,-3.30E-07,10.915
