record_type,elapsed_seconds,voltage_v,raw_response,query_elapsed_ms
sample,0.032000,2.0117178e-07,+2.01171780E-07,10.107
sample,0.313000,2.0117178e-07,+2.01171780E-07,16.791
sample,0.563000,1.93909111e-07,+1.93909111E-07,11.018
sample,0.813000,2.09846635e-07,+2.09846635E-07,10.493
sample,1.094000,2.09846635e-07,+2.09846635E-07,10.510
sample,1.344000,2.1347797e-07,+2.13477970E-07,11.447
sample,1.594000,2.04399633e-07,+2.04399633E-07,17.883
sample,1.875000,2.04399633e-07,+2.04399633E-07,10.564
sample,2.110000,2.05811889e-07,+2.05811889E-07,10.104
sample,2.391000,2.05811889e-07,+2.05811889E-07,10.936
sample,2.641000,2.09644965e-07,+2.09644965E-07,10.564
sample,2.907000,1.99356181e-07,+1.99356181E-07,11.132
sample,3.172000,1.99356181e-07,+1.99356181E-07,10.338
sample,3.422000,2.0147446e-07,+2.01474460E-07,10.695
sample,3.688000,2.0147446e-07,+2.01474460E-07,10.121
sample,3.938000,1.99658793e-07,+1.99658793E-07,10.247
sample,4.203000,2.0147446e-07,+2.01474460E-07,10.175
sample,4.453000,2.0147446e-07,+2.01474460E-07,11.507
sample,4.735000,2.01676201e-07,+2.01676201E-07,10.762
sample,4.985000,2.01676201e-07,+2.01676201E-07,11.065
sample,5.235000,2.0137359e-07,+2.01373590E-07,11.213
sample,5.485000,2.17109376e-07,+2.17109376E-07,10.810
sample,5.750000,2.17109376e-07,+2.17109376E-07,11.515
sample,6.016000,2.11662373e-07,+2.11662373E-07,10.204
sample,6.266000,2.11662373e-07,+2.11662373E-07,15.603
sample,6.516000,1.78576944e-07,+1.78576944E-07,11.486
sample,6.797000,2.18723383e-07,+2.18723383E-07,11.671
sample,7.032000,2.18723383e-07,+2.18723383E-07,9.984
sample,7.313000,1.99658868e-07,+1.99658868E-07,10.792
sample,7.563000,1.94817087e-07,+1.94817087E-07,10.483
sample,7.813000,1.94817087e-07,+1.94817087E-07,10.379
sample,8.063000,2.09645042e-07,+2.09645042E-07,10.589
sample,8.344000,2.09645042e-07,+2.09645042E-07,10.805
sample,8.594000,1.96229273e-07,+1.96229273E-07,11.393
sample,8.844000,1.96330143e-07,+1.96330143E-07,10.604
sample,9.094000,1.96330143e-07,+1.96330143E-07,10.434
sample,9.360000,1.97439718e-07,+1.97439718E-07,11.884
sample,9.610000,1.97439718e-07,+1.97439718E-07,10.837
sample,9.875000,1.93001418e-07,+1.93001418E-07,11.040
sample,10.125000,1.93606641e-07,+1.93606641E-07,10.491
sample,10.407000,1.93606641e-07,+1.93606641E-07,10.694
sample,10.657000,1.75853493e-07,+1.75853493E-07,11.025
sample,10.907000,1.75853493e-07,+1.75853493E-07,10.336
sample,11.188000,1.84124871e-07,+1.84124871E-07,11.518
sample,11.438000,1.89773617e-07,+1.89773617E-07,11.071
sample,11.688000,1.89773617e-07,+1.89773617E-07,10.511
sample,11.938000,1.87655337e-07,+1.87655337E-07,11.743
sample,12.203000,1.87655337e-07,+1.87655337E-07,10.773
sample,12.485000,2.05408539e-07,+2.05408539E-07,10.334
sample,12.735000,2.10855544e-07,+2.10855544E-07,10.688
sample,12.985000,2.10855544e-07,+2.10855544E-07,11.178
sample,13.235000,2.01373721e-07,+2.01373721E-07,9.749
sample,13.516000,2.18723441e-07,+2.18723441E-07,12.212
sample,13.766000,2.18723441e-07,+2.18723441E-07,10.435
sample,14.016000,2.19833016e-07,+2.19833016E-07,10.714
sample,14.297000,2.19833016e-07,+2.19833016E-07,10.093
sample,14.547000,2.17714736e-07,+2.17714736E-07,10.542
sample,14.797000,2.26994909e-07,+2.26994909E-07,10.615
sample,15.047000,2.26994909e-07,+2.26994909E-07,11.030
sample,15.313000,2.34156714e-07,+2.34156714E-07,10.780
sample,15.578000,2.34156714e-07,+2.34156714E-07,10.928
sample,15.828000,5.10239247e-07,+5.10239247E-07,10.829
sample,16.094000,1.03456406e-06,+1.03456406E-06,10.470
sample,16.360000,1.03456406e-06,+1.03456406E-06,9.910
sample,16.625000,8.60764202e-07,+8.60764202E-07,10.348
sample,16.875000,8.60764202e-07,+8.60764202E-07,10.108
sample,17.125000,1.20200907e-06,+1.20200907E-06,9.878
sample,17.391000,2.68351811e-07,+2.68351811E-07,11.129
sample,17.672000,2.68351811e-07,+2.68351811E-07,11.481
sample,17.922000,2.52212532e-07,+2.52212532E-07,10.439
sample,18.172000,2.52212532e-07,+2.52212532E-07,10.696
sample,18.422000,3.03555612e-07,+3.03555612E-07,10.053
sample,18.688000,3.10717417e-07,+3.10717417E-07,11.252
sample,18.938000,3.10717417e-07,+3.10717417E-07,10.347
sample,19.188000,3.25242623e-07,+3.25242623E-07,10.179
sample,19.453000,3.25242623e-07,+3.25242623E-07,15.545
sample,19.703000,3.22720862e-07,+3.22720862E-07,10.906
sample,19.985000,3.32505296e-07,+3.32505296E-07,11.150
sample,20.235000,3.32505296e-07,+3.32505296E-07,10.662
sample,20.500000,3.5086372e-07,+3.50863720E-07,10.721
sample,20.750000,3.69524755e-07,+3.69524755E-07,10.261
sample,21.000000,3.69524755e-07,+3.69524755E-07,10.902
sample,21.266000,3.80822246e-07,+3.80822246E-07,12.247
sample,21.532000,3.80822246e-07,+3.80822246E-07,11.079
sample,21.797000,3.9050581e-07,+3.90505810E-07,10.230
sample,22.078000,3.94742369e-07,+3.94742369E-07,10.382
sample,22.328000,3.94742369e-07,+3.94742369E-07,11.429
sample,22.578000,4.11285125e-07,+4.11285125E-07,10.624
sample,22.828000,4.11285125e-07,+4.11285125E-07,10.503
sample,23.078000,4.30551382e-07,+4.30551382E-07,11.764
sample,23.328000,4.29340902e-07,+4.29340902E-07,11.181
sample,23.594000,4.29340902e-07,+4.29340902E-07,10.941
sample,23.844000,4.55365479e-07,+4.55365479E-07,10.727
sample,24.078000,4.55365479e-07,+4.55365479E-07,9.912
sample,24.360000,4.63031634e-07,+4.63031634E-07,11.825
sample,24.610000,4.78969165e-07,+4.78969165E-07,11.070
sample,24.860000,4.78969165e-07,+4.78969165E-07,10.700
sample,25.110000,4.88450988e-07,+4.88450988E-07,11.171
sample,25.360000,4.88450988e-07,+4.88450988E-07,10.770
touch,25.485000,,,
sample,25.610000,5.11550321e-07,+5.11550321E-07,10.758
sample,25.875000,5.07717244e-07,+5.07717244E-07,10.410
sample,26.141000,5.07717244e-07,+5.07717244E-07,11.231
sample,26.391000,5.12962508e-07,+5.12962508E-07,10.762
sample,26.672000,5.12962508e-07,+5.12962508E-07,11.292
sample,26.922000,5.39289696e-07,+5.39289696E-07,11.926
sample,27.172000,5.2920265e-07,+5.29202650E-07,11.009
sample,27.422000,5.2920265e-07,+5.29202650E-07,10.397
sample,27.703000,5.47460133e-07,+5.47460133E-07,9.973
sample,27.953000,5.47460133e-07,+5.47460133E-07,11.615
sample,28.203000,5.48670578e-07,+5.48670578E-07,10.181
sample,28.453000,5.67634222e-07,+5.67634222E-07,10.370
sample,28.719000,5.67634222e-07,+5.67634222E-07,12.606
sample,28.969000,5.76813432e-07,+5.76813432E-07,11.403
sample,29.235000,5.76813432e-07,+5.76813432E-07,10.401
sample,29.500000,5.76611691e-07,+5.76611691E-07,11.246
sample,29.750000,5.84782197e-07,+5.84782197E-07,11.186
sample,30.032000,5.84782197e-07,+5.84782197E-07,11.646
sample,30.282000,5.84378715e-07,+5.84378715E-07,10.510
sample,30.547000,5.97189261e-07,+5.97189261E-07,18.319
sample,30.797000,5.97189261e-07,+5.97189261E-07,10.659
sample,31.047000,6.09697196e-07,+6.09697196E-07,10.504
sample,31.313000,6.09697196e-07,+6.09697196E-07,10.963
sample,31.563000,6.18472924e-07,+6.18472924E-07,10.020
sample,31.828000,6.27551167e-07,+6.27551167E-07,9.969
sample,32.094000,6.27551167e-07,+6.27551167E-07,10.740
sample,32.360000,6.328973e-07,+6.32897300E-07,10.655
touch,32.532000,,,
sample,32.625000,6.328973e-07,+6.32897300E-07,11.074
sample,32.875000,6.32292077e-07,+6.32292077E-07,11.364
sample,33.141000,6.47624382e-07,+6.47624382E-07,9.938
sample,33.407000,6.47624382e-07,+6.47624382E-07,10.045
sample,33.657000,6.40765193e-07,+6.40765193E-07,10.412
sample,33.922000,6.40765193e-07,+6.40765193E-07,15.757
sample,34.188000,6.45001751e-07,+6.45001751E-07,9.982
sample,34.469000,6.39554748e-07,+6.39554748E-07,10.085
sample,34.735000,6.39554748e-07,+6.39554748E-07,10.437
sample,35.000000,6.64873226e-07,+6.64873226E-07,12.090
sample,35.250000,6.60434927e-07,+6.60434927E-07,10.387
sample,35.516000,6.60434927e-07,+6.60434927E-07,11.011
sample,35.766000,6.62754947e-07,+6.62754947E-07,10.200
sample,36.032000,6.62754947e-07,+6.62754947E-07,10.345
sample,36.297000,6.50953485e-07,+6.50953485E-07,11.544
sample,36.547000,6.69614523e-07,+6.69614523E-07,10.915
sample,36.813000,6.69614523e-07,+6.69614523E-07,10.543
sample,37.063000,6.6679015e-07,+6.66790150E-07,11.336
sample,37.328000,6.6679015e-07,+6.66790150E-07,10.841
sample,37.578000,6.67092761e-07,+6.67092761E-07,10.741
sample,37.844000,6.9009123e-07,+6.90091230E-07,10.798
sample,38.110000,6.9009123e-07,+6.90091230E-07,11.075
sample,38.360000,6.751624e-07,+6.75162400E-07,10.729
sample,38.625000,6.74456306e-07,+6.74456306E-07,11.669
sample,38.907000,6.74456306e-07,+6.74456306E-07,10.633
sample,39.157000,6.857538e-07,+6.85753800E-07,11.646
sample,39.407000,6.857538e-07,+6.85753800E-07,11.486
sample,39.657000,6.76070234e-07,+6.76070234E-07,10.200
sample,39.922000,6.86863375e-07,+6.86863375E-07,11.222
sample,40.172000,6.86863375e-07,+6.86863375E-07,10.197
sample,40.438000,6.87367602e-07,+6.87367602E-07,10.868
sample,40.688000,6.87367602e-07,+6.87367602E-07,10.921
sample,40.969000,6.87670213e-07,+6.87670213E-07,11.021
sample,41.219000,6.96748555e-07,+6.96748555E-07,11.404
sample,41.469000,6.96748555e-07,+6.96748555E-07,10.084
sample,41.750000,6.84341488e-07,+6.84341488E-07,11.437
sample,42.000000,6.84341488e-07,+6.84341488E-07,10.885
sample,42.250000,6.83736265e-07,+6.83736265E-07,11.316
sample,42.500000,6.89990234e-07,+6.89990234E-07,11.396
sample,42.766000,6.89990234e-07,+6.89990234E-07,11.402
sample,43.047000,6.83332783e-07,+6.83332783E-07,10.925
sample,43.297000,6.83332783e-07,+6.83332783E-07,10.498
sample,43.547000,7.01287726e-07,+7.01287726E-07,10.329
sample,43.797000,6.9341983e-07,+6.93419830E-07,10.680
sample,44.047000,6.9341983e-07,+6.93419830E-07,12.605
sample,44.297000,6.8706499e-07,+6.87064990E-07,11.373
sample,44.563000,6.8706499e-07,+6.87064990E-07,11.730
sample,44.828000,6.92511903e-07,+6.92511903E-07,10.240
sample,45.063000,6.96647591e-07,+6.96647591E-07,10.216
sample,45.344000,6.96647591e-07,+6.96647591E-07,10.103
sample,45.594000,6.95538016e-07,+6.95538016E-07,11.425
sample,45.844000,6.95538016e-07,+6.95538016E-07,10.460
touch,46.063000,,,
sample,46.094000,6.84442266e-07,+6.84442266E-07,10.810
sample,46.360000,6.81113542e-07,+6.81113542E-07,10.736
sample,46.610000,6.81113542e-07,+6.81113542E-07,12.627
sample,46.860000,6.87871862e-07,+6.87871862E-07,10.124
sample,47.125000,6.87871862e-07,+6.87871862E-07,11.214
sample,47.375000,6.90191882e-07,+6.90191882E-07,11.799
sample,47.641000,6.88880566e-07,+6.88880566E-07,10.359
sample,47.875000,6.88880566e-07,+6.88880566E-07,10.232
sample,48.141000,6.75061314e-07,+6.75061314E-07,11.060
sample,48.391000,6.75061314e-07,+6.75061314E-07,10.863
sample,48.672000,6.76977853e-07,+6.76977853E-07,11.793
sample,48.907000,6.85249097e-07,+6.85249097E-07,10.183
sample,49.172000,6.85249097e-07,+6.85249097E-07,10.798
sample,49.422000,6.80810797e-07,+6.80810797E-07,10.541
sample,49.672000,6.80810797e-07,+6.80810797E-07,10.249
sample,49.922000,6.84643874e-07,+6.84643874E-07,10.705
sample,50.172000,6.86358671e-07,+6.86358671E-07,11.296
sample,50.422000,6.86358671e-07,+6.86358671E-07,11.632
sample,50.672000,6.674959e-07,+6.67495900E-07,11.420
sample,50.938000,6.674959e-07,+6.67495900E-07,11.130
sample,51.203000,6.73346385e-07,+6.73346385E-07,11.043
sample,51.469000,6.63864564e-07,+6.63864564E-07,10.517
sample,51.735000,6.63864564e-07,+6.63864564E-07,10.371
sample,51.985000,6.71833329e-07,+6.71833329E-07,10.179
sample,52.266000,6.74657701e-07,+6.74657701E-07,10.957
sample,52.516000,6.74657701e-07,+6.74657701E-07,10.483
sample,52.766000,6.70723754e-07,+6.70723754E-07,11.071
sample,53.016000,6.70723754e-07,+6.70723754E-07,10.800
sample,53.282000,6.64873143e-07,+6.64873143E-07,10.843
sample,53.532000,6.86560283e-07,+6.86560283E-07,10.286
sample,53.797000,6.86560283e-07,+6.86560283E-07,10.055
sample,54.063000,6.55895675e-07,+6.55895675E-07,10.228
sample,54.313000,6.55895675e-07,+6.55895675E-07,10.345
sample,54.594000,6.57913084e-07,+6.57913084E-07,11.098
sample,54.844000,6.66386199e-07,+6.66386199E-07,10.632
sample,55.094000,6.66386199e-07,+6.66386199E-07,10.853
sample,55.360000,6.63561827e-07,+6.63561827E-07,10.938
sample,55.610000,6.63561827e-07,+6.63561827E-07,10.535
sample,55.875000,6.65377495e-07,+6.65377495E-07,10.600
sample,56.141000,6.61140937e-07,+6.61140937E-07,11.129
sample,56.391000,6.61140937e-07,+6.61140937E-07,12.019
sample,56.657000,6.58316565e-07,+6.58316565E-07,9.936
sample,56.938000,6.52869563e-07,+6.52869563E-07,13.397
sample,57.172000,6.52869563e-07,+6.52869563E-07,10.206
sample,57.453000,6.51659118e-07,+6.51659118E-07,10.664
sample,57.703000,6.51659118e-07,+6.51659118E-07,11.002
sample,57.953000,6.64873143e-07,+6.64873143E-07,10.445
sample,58.203000,6.4984345e-07,+6.49843450E-07,17.102
sample,58.485000,6.4984345e-07,+6.49843450E-07,10.348
sample,58.735000,6.61040067e-07,+6.61040067E-07,11.612
sample,58.985000,6.61040067e-07,+6.61040067E-07,10.583
sample,59.250000,6.58619177e-07,+6.58619177E-07,10.587
sample,59.500000,6.51759988e-07,+6.51759988E-07,10.760
sample,59.766000,6.51759988e-07,+6.51759988E-07,11.257
sample,60.016000,6.43387744e-07,+6.43387744E-07,10.519
sample,60.297000,6.43387744e-07,+6.43387744E-07,10.517
sample,60.547000,6.49439969e-07,+6.49439969E-07,10.819
sample,60.828000,6.50045191e-07,+6.50045191E-07,10.080
sample,61.078000,6.50045191e-07,+6.50045191E-07,12.396
sample,61.313000,6.38545963e-07,+6.38545963E-07,10.037
sample,61.594000,6.38545963e-07,+6.38545963E-07,10.309
sample,61.844000,6.45909467e-07,+6.45909467E-07,10.851
sample,62.094000,6.37234611e-07,+6.37234611E-07,10.661
sample,62.344000,6.37234611e-07,+6.37234611E-07,10.219
sample,62.594000,6.26945829e-07,+6.26945829E-07,11.187
sample,62.844000,6.26945829e-07,+6.26945829E-07,11.438
sample,63.094000,6.37537222e-07,+6.37537222E-07,11.722
sample,63.360000,6.36125037e-07,+6.36125037E-07,10.505
sample,63.625000,6.36125037e-07,+6.36125037E-07,13.060
sample,63.891000,6.49742542e-07,+6.49742542E-07,10.179
sample,64.141000,6.49742542e-07,+6.49742542E-07,10.275
sample,64.407000,6.20288382e-07,+6.20288382E-07,11.798
sample,64.657000,6.26643218e-07,+6.26643218E-07,10.615
sample,64.907000,6.26643218e-07,+6.26643218E-07,11.909
sample,65.172000,6.25130161e-07,+6.25130161E-07,10.435
sample,65.422000,6.25130161e-07,+6.25130161E-07,10.699
sample,65.688000,6.25937125e-07,+6.25937125E-07,10.898
sample,65.938000,6.21498932e-07,+6.21498932E-07,11.242
sample,66.203000,6.21498932e-07,+6.21498932E-07,11.472
sample,66.453000,6.19784135e-07,+6.19784135E-07,10.587
sample,66.719000,6.19784135e-07,+6.19784135E-07,15.213
sample,66.969000,6.19784135e-07,+6.19784135E-07,10.418
sample,67.250000,6.18170208e-07,+6.18170208E-07,10.567
sample,67.500000,6.18170208e-07,+6.18170208E-07,10.681
sample,67.735000,6.28257251e-07,+6.28257251E-07,9.996
sample,68.016000,6.15850188e-07,+6.15850188E-07,10.667
sample,68.266000,6.15850188e-07,+6.15850188E-07,11.466
sample,68.532000,6.06973591e-07,+6.06973591E-07,11.765
sample,68.782000,6.06973591e-07,+6.06973591E-07,11.632
sample,69.047000,6.12824075e-07,+6.12824075E-07,10.665
sample,69.297000,6.02434421e-07,+6.02434421E-07,11.310
sample,69.563000,6.02434421e-07,+6.02434421E-07,11.321
sample,69.828000,6.01829199e-07,+6.01829199E-07,10.542
sample,70.110000,6.01829199e-07,+6.01829199E-07,10.090
sample,70.344000,5.94263679e-07,+5.94263679E-07,10.307
sample,70.625000,5.9971068e-07,+5.99710680E-07,10.862
sample,70.875000,5.9971068e-07,+5.99710680E-07,10.705
sample,71.125000,5.95070642e-07,+5.95070642E-07,10.646
sample,71.407000,6.02333311e-07,+6.02333311E-07,17.078
sample,71.657000,6.02333311e-07,+6.02333311E-07,11.089
sample,71.922000,5.9698718e-07,+5.96987180E-07,11.634
sample,72.188000,5.9698718e-07,+5.96987180E-07,11.638
sample,72.453000,5.95574994e-07,+5.95574994E-07,10.064
sample,72.735000,5.93456716e-07,+5.93456716E-07,10.907
sample,72.985000,5.93456716e-07,+5.93456716E-07,11.082
sample,73.235000,5.9184279e-07,+5.91842790E-07,10.003
sample,73.485000,5.9184279e-07,+5.91842790E-07,10.350
sample,73.750000,5.94162809e-07,+5.94162809E-07,10.014
sample,74.000000,5.87101881e-07,+5.87101881E-07,11.697
sample,74.266000,5.87101881e-07,+5.87101881E-07,15.482
sample,74.547000,5.77721083e-07,+5.77721083E-07,10.870
sample,74.797000,5.77721083e-07,+5.77721083E-07,16.589
sample,75.063000,5.84882883e-07,+5.84882883E-07,11.109
sample,75.313000,5.85588975e-07,+5.85588975E-07,11.332
sample,75.563000,5.85588975e-07,+5.85588975E-07,10.981
sample,75.813000,5.91338589e-07,+5.91338589E-07,11.338
sample,76.063000,5.91338589e-07,+5.91338589E-07,10.480
sample,76.313000,5.73585396e-07,+5.73585396E-07,11.253
sample,76.594000,5.76611508e-07,+5.76611508E-07,11.265
sample,76.844000,5.76611508e-07,+5.76611508E-07,10.415
sample,77.094000,5.83369826e-07,+5.83369826E-07,10.061
sample,77.344000,5.83369826e-07,+5.83369826E-07,10.840
sample,77.610000,5.61581816e-07,+5.61581816E-07,11.182
sample,77.860000,5.78528046e-07,+5.78528046E-07,11.035
sample,78.125000,5.78528046e-07,+5.78528046E-07,11.409
sample,78.375000,5.66726208e-07,+5.66726208E-07,10.508
sample,78.641000,5.62792195e-07,+5.62792195E-07,12.183
sample,78.891000,5.62792195e-07,+5.62792195E-07,10.579
sample,79.157000,5.6158175e-07,+5.61581750E-07,10.412
sample,79.422000,5.6158175e-07,+5.61581750E-07,10.426
sample,79.672000,5.62186972e-07,+5.62186972E-07,10.333
sample,79.938000,5.52301672e-07,+5.52301672E-07,10.615
sample,80.188000,5.52301672e-07,+5.52301672E-07,10.883
sample,80.453000,5.43425077e-07,+5.43425077E-07,10.895
sample,80.719000,5.43425077e-07,+5.43425077E-07,11.624
sample,80.969000,5.51091228e-07,+5.51091228E-07,11.728
sample,81.235000,5.66927881e-07,+5.66927881E-07,10.867
sample,81.516000,5.66927881e-07,+5.66927881E-07,14.190
sample,81.750000,5.57244322e-07,+5.57244322E-07,9.955
sample,82.032000,5.57244322e-07,+5.57244322E-07,10.483
sample,82.282000,5.57446063e-07,+5.57446063E-07,10.849
sample,82.532000,5.44131169e-07,+5.44131169E-07,10.811
sample,82.782000,5.44131169e-07,+5.44131169E-07,15.519
sample,83.032000,5.48165963e-07,+5.48165963E-07,11.208
sample,83.297000,5.48165963e-07,+5.48165963E-07,10.353
sample,83.547000,5.47560741e-07,+5.47560741E-07,10.628
sample,83.813000,5.53612965e-07,+5.53612965E-07,10.934
sample,84.063000,5.53612965e-07,+5.53612965E-07,11.406
sample,84.344000,5.4473637e-07,+5.44736370E-07,10.159
sample,84.594000,5.4473637e-07,+5.44736370E-07,17.721
sample,84.844000,5.38684145e-07,+5.38684145E-07,10.546
sample,85.094000,5.53713836e-07,+5.53713836E-07,10.863
sample,85.375000,5.53713836e-07,+5.53713836E-07,11.029
sample,85.625000,5.43828536e-07,+5.43828536E-07,10.423
sample,85.891000,5.38684145e-07,+5.38684145E-07,21.601
sample,86.125000,5.38684145e-07,+5.38684145E-07,10.321
sample,86.375000,5.47056389e-07,+5.47056389E-07,10.324
sample,86.625000,5.47056389e-07,+5.47056389E-07,10.363
sample,86.875000,5.46249426e-07,+5.46249426E-07,10.492
sample,87.157000,5.39087873e-07,+5.39087873E-07,21.243
sample,87.422000,5.39087873e-07,+5.39087873E-07,10.288
sample,87.672000,5.35456537e-07,+5.35456537E-07,10.444
sample,87.922000,5.35456537e-07,+5.35456537E-07,10.682
sample,88.172000,5.39592225e-07,+5.39592225E-07,10.529
sample,88.438000,5.10440668e-07,+5.10440668E-07,10.560
sample,88.688000,5.10440668e-07,+5.10440668E-07,10.998
sample,88.938000,5.24259918e-07,+5.24259918E-07,10.174
sample,89.188000,5.24259918e-07,+5.24259918E-07,10.800
sample,89.438000,5.21435546e-07,+5.21435546E-07,9.872
sample,89.719000,5.26680808e-07,+5.26680808E-07,10.603
sample,89.985000,5.26680808e-07,+5.26680808E-07,10.703
